source_path,legacy_url,title,type,runtime_id,source_text_chars,source_image_count,source_document_count,runtime_content_blocks,runtime_image_count,source_sha256,status,next_action,evidence
Fotovystavka.htm,https://www.wystynez.ru/Fotovystavka.htm,,article,,1578,9,0,0,0,f6dfacc5e710834c46f12893778318408df26a1c5ffc832d63a0020c765cbe3f,ARCHIVE-ONLY,Keep as archive provenance; determine whether a dedicated public representation is warranted,falke0039/wystynez@ba42a20180cc475e176c8b98606568580b754171:Fotovystavka.htm
Prazdnik--SOSEDI----2018.htm,https://www.wystynez.ru/Prazdnik--SOSEDI----2018.htm,,article,,7389,42,0,0,0,64c8cb0efa4bb3f9f6ad2f41ca8a8ed9d09ce02eeab35abc1d53dd3e63a33d26,ARCHIVE-ONLY,Keep as archive provenance; determine whether a dedicated public representation is warranted,falke0039/wystynez@ba42a20180cc475e176c8b98606568580b754171:Prazdnik--SOSEDI----2018.htm
_scft.htm,https://www.wystynez.ru/_scft.htm,,navigation,,0,0,0,0,0,5f6e99626975eb167d29f8e8012bf79fafa9810d497bd638ff6cbf03cf191744,SKIP,Keep as archive provenance; determine whether a dedicated public representation is warranted,falke0039/wystynez@ba42a20180cc475e176c8b98606568580b754171:_scft.htm
aMy---eto--sotrudniki--Kaliningradskogo--regional_nogo--obcshestvennogo--uchrezhdenija--Vishtyneckij.htm,https://www.wystynez.ru/aMy---eto--sotrudniki--Kaliningradskogo--regional_nogo--obcshestvennogo--uchrezhdenija--Vishtyneckij.htm,,article,about-museum,2381,10,0,6,0,433050f82fc974a088b57cdf4488106537729322bbf4db02b08afe615a598d72,PARTIAL,Verify source-to-runtime body/media parity and public rendering,falke0039/wystynez@ba42a20180cc475e176c8b98606568580b754171:aMy---eto--sotrudniki--Kaliningradskogo--regional_nogo--obcshestvennogo--uchrezhdenija--Vishtyneckij.htm
index.htm,https://www.wystynez.ru/index.htm,,navigation,,24,1,0,0,0,700792a5dc3ffbdb942152da12dcb530de41322ed576575ae684de05bec4eb8b,SKIP,Keep as archive provenance; determine whether a dedicated public representation is warranted,falke0039/wystynez@ba42a20180cc475e176c8b98606568580b754171:index.htm
index.html,https://www.wystynez.ru/index.html,ВИШТЫНЕЦКИЙ ЭКОМУЗЕЙ,navigation,,1331,23,0,0,0,aeb310f8f0762935a2032812784dea02f102eaf050d7e7e44adecbbc3f0b52d9,SKIP,Keep as archive provenance; determine whether a dedicated public representation is warranted,falke0039/wystynez@ba42a20180cc475e176c8b98606568580b754171:index.html
p0008.htm,https://www.wystynez.ru/p0008.htm,,navigation,old-settlers-kalinino-2003,7130,109,1,1,0,5663c3ec9c36d4c0d9d5625b97aa8206390f3a16d3b2da7b72b9d4b8ef8d121e,ARCHIVE-ONLY,Verify source-to-runtime body/media parity and public rendering,falke0039/wystynez@ba42a20180cc475e176c8b98606568580b754171:p0008.htm
p0084.htm,https://www.wystynez.ru/p0084.htm,,navigation,,90,0,0,0,0,598c5c2680c6402e741546aae02fcfdfe48e44f0c0dc36961ec0500145987920,ARCHIVE-ONLY,Keep as archive provenance; determine whether a dedicated public representation is warranted,falke0039/wystynez@ba42a20180cc475e176c8b98606568580b754171:p0084.htm
p0085.htm,https://www.wystynez.ru/p0085.htm,,article,,2421,9,0,0,0,948bf65041b9fcfec097e2c071a72fad66b03b5fa7b6a191d12894acf969be86,ARCHIVE-ONLY,Keep as archive provenance; determine whether a dedicated public representation is warranted,falke0039/wystynez@ba42a20180cc475e176c8b98606568580b754171:p0085.htm
p0086.htm,https://www.wystynez.ru/p0086.htm,,article,museum-for-teachers,5797,19,0,9,19,63e85e751c423210f931ed159c6d28fe2f84b5cba2254d0abdd61d596a5a1719,PARTIAL,Verify source-to-runtime body/media parity and public rendering,falke0039/wystynez@ba42a20180cc475e176c8b98606568580b754171:p0086.htm
p0087.htm,https://www.wystynez.ru/p0087.htm,,article,kaliningrad-geographic-atlas-2002,5760,34,1,2,0,b3ac5a1ca87238f1be4413efb2b813df66fa27f98ab633c91aa36279f4590602,PARTIAL,Verify source-to-runtime body/media parity and public rendering,falke0039/wystynez@ba42a20180cc475e176c8b98606568580b754171:p0087.htm
p0088.htm,https://www.wystynez.ru/p0088.htm,,article,kamennye-istorii,2383,8,0,5,6,d7b6cf31ccfbe2b680c1a9960e5cda6aab79d1d4103134c2c79109f5c57bef26,PARTIAL,Verify source-to-runtime body/media parity and public rendering,falke0039/wystynez@ba42a20180cc475e176c8b98606568580b754171:p0088.htm
p0089.htm,https://www.wystynez.ru/p0089.htm,,article,,4922,22,0,0,0,5290b945e2fd75a11f94a705d336e204e780b1197e876c8dbe7680332962bbbc,ARCHIVE-ONLY,Keep as archive provenance; determine whether a dedicated public representation is warranted,falke0039/wystynez@ba42a20180cc475e176c8b98606568580b754171:p0089.htm
p0090.htm,https://www.wystynez.ru/p0090.htm,,article,forest-village,9145,41,0,8,30,61b3d25cf6cd73c7aeb5358e182e75d37799f712629b39449984b8461204577c,PARTIAL,Verify source-to-runtime body/media parity and public rendering,falke0039/wystynez@ba42a20180cc475e176c8b98606568580b754171:p0090.htm
p0091.htm,https://www.wystynez.ru/p0091.htm,,article,,2180,8,0,0,0,ad020c706576e6383cbb8e321ec0a2909643dc9cf35b8e6b0d88d3921fd0d834,ARCHIVE-ONLY,Keep as archive provenance; determine whether a dedicated public representation is warranted,falke0039/wystynez@ba42a20180cc475e176c8b98606568580b754171:p0091.htm
p0092.htm,https://www.wystynez.ru/p0092.htm,,article,,2607,8,0,0,0,a957b6c46f320bf498b2d08726dcf42496c02a4bc94afc9d9b000123d3641e39,ARCHIVE-ONLY,Keep as archive provenance; determine whether a dedicated public representation is warranted,falke0039/wystynez@ba42a20180cc475e176c8b98606568580b754171:p0092.htm
p0093.htm,https://www.wystynez.ru/p0093.htm,,article,,3794,18,0,0,0,657aaa05fe1f68dadf1b01008596398045438a6472f17a2d0bddc0d8198b24ad,ARCHIVE-ONLY,Keep as archive provenance; determine whether a dedicated public representation is warranted,falke0039/wystynez@ba42a20180cc475e176c8b98606568580b754171:p0093.htm
p0094.htm,https://www.wystynez.ru/p0094.htm,,article,,1755,12,0,0,0,b613c5c89ba40d2713ceb40aafe01aa8614d199baaf59e85b09f1ebcbdadb876,ARCHIVE-ONLY,Keep as archive provenance; determine whether a dedicated public representation is warranted,falke0039/wystynez@ba42a20180cc475e176c8b98606568580b754171:p0094.htm
p0095.htm,https://www.wystynez.ru/p0095.htm,,article,,1463,2,0,0,0,0c690aa653081f88d773f8d0823e84958a8a48a4a5015b0aadcb120c97a1c216,ARCHIVE-ONLY,Keep as archive provenance; determine whether a dedicated public representation is warranted,falke0039/wystynez@ba42a20180cc475e176c8b98606568580b754171:p0095.htm
p0096.htm,https://www.wystynez.ru/p0096.htm,,article,,1143,14,0,0,0,128a635f084d82e312f0f9f30dce73d01fde26eb323afcb41e28596106bff314,ARCHIVE-ONLY,Keep as archive provenance; determine whether a dedicated public representation is warranted,falke0039/wystynez@ba42a20180cc475e176c8b98606568580b754171:p0096.htm
p0097.htm,https://www.wystynez.ru/p0097.htm,,article,,3720,19,0,0,0,43e3d5c76d73fc4f9e8cdccd95a89c472aee963bc49c3492d8255e0ae316e780,ARCHIVE-ONLY,Keep as archive provenance; determine whether a dedicated public representation is warranted,falke0039/wystynez@ba42a20180cc475e176c8b98606568580b754171:p0097.htm
p0098.htm,https://www.wystynez.ru/p0098.htm,,article,,2404,12,0,0,0,b09f721a9b9fab9e1d2901b578d797a8996dadedd7d8644e87549374c39e55fb,ARCHIVE-ONLY,Keep as archive provenance; determine whether a dedicated public representation is warranted,falke0039/wystynez@ba42a20180cc475e176c8b98606568580b754171:p0098.htm
p0099.htm,https://www.wystynez.ru/p0099.htm,,article,,8001,16,0,0,0,696666c72b84531164d9a1e86f0e972cd7e889f07296d2a8ec9e03642f2703f7,ARCHIVE-ONLY,Keep as archive provenance; determine whether a dedicated public representation is warranted,falke0039/wystynez@ba42a20180cc475e176c8b98606568580b754171:p0099.htm
p0100.htm,https://www.wystynez.ru/p0100.htm,,article,,1404,2,0,0,0,c9f8d1da0d1f0434238c93d602e20449fb060cd003315c3290f761b17750610d,ARCHIVE-ONLY,Keep as archive provenance; determine whether a dedicated public representation is warranted,falke0039/wystynez@ba42a20180cc475e176c8b98606568580b754171:p0100.htm
p0102.htm,https://www.wystynez.ru/p0102.htm,,article,,2575,10,0,0,0,0a6ace21239e7397fcc093798790c5211f9a1fdb26f195a1591045de457c045d,ARCHIVE-ONLY,Keep as archive provenance; determine whether a dedicated public representation is warranted,falke0039/wystynez@ba42a20180cc475e176c8b98606568580b754171:p0102.htm
p0103.htm,https://www.wystynez.ru/p0103.htm,,article,,1373,13,0,0,0,73e53695f94cdbf47c2d546147e84c3d22a03185172c633d71c25d34797eed65,ARCHIVE-ONLY,Keep as archive provenance; determine whether a dedicated public representation is warranted,falke0039/wystynez@ba42a20180cc475e176c8b98606568580b754171:p0103.htm
p0104.htm,https://www.wystynez.ru/p0104.htm,,article,,6473,8,0,0,0,45018846c521db8e533538cfda2547a2d5f360a7c5b06304c95c0d6166e46b02,ARCHIVE-ONLY,Keep as archive provenance; determine whether a dedicated public representation is warranted,falke0039/wystynez@ba42a20180cc475e176c8b98606568580b754171:p0104.htm
p0106.htm,https://www.wystynez.ru/p0106.htm,,article,unknown-vishtynets,4227,12,0,36,9,be7a022b2064c50eebd7034a24d79e1713d09e261201dceb2d0c7472b3e75eff,PARTIAL,Verify source-to-runtime body/media parity and public rendering,falke0039/wystynez@ba42a20180cc475e176c8b98606568580b754171:p0106.htm
p0107.htm,https://www.wystynez.ru/p0107.htm,,article,,2848,5,0,0,0,02adf5772c2314c5df8631340ac5164a2c382cae75ab802b223a27908f2d5e17,ARCHIVE-ONLY,Keep as archive provenance; determine whether a dedicated public representation is warranted,falke0039/wystynez@ba42a20180cc475e176c8b98606568580b754171:p0107.htm
p0108.htm,https://www.wystynez.ru/p0108.htm,,article,unknown-vishtynets-meeting-2018,3801,8,0,12,5,09d2cfff36d5f20292ad0004b527dc0d208a911f0e02cc273c03de51e169cb43,PARTIAL,Verify source-to-runtime body/media parity and public rendering,falke0039/wystynez@ba42a20180cc475e176c8b98606568580b754171:p0108.htm
p0109.htm,https://www.wystynez.ru/p0109.htm,,article,unknown-vishtynets-opening-2019,3610,4,0,14,1,1c441ac18ebb385bf87058350c88d1afb357a8add57fa74c253062564a44ce26,PARTIAL,Verify source-to-runtime body/media parity and public rendering,falke0039/wystynez@ba42a20180cc475e176c8b98606568580b754171:p0109.htm
p0110.htm,https://www.wystynez.ru/p0110.htm,,article,,7578,110,0,0,0,7f8b461c19c722e4b38b03b1084fd98737908b7209f322405d939bc4e23dd4b6,ARCHIVE-ONLY,Keep as archive provenance; determine whether a dedicated public representation is warranted,falke0039/wystynez@ba42a20180cc475e176c8b98606568580b754171:p0110.htm
p0111.htm,https://www.wystynez.ru/p0111.htm,,article,,1521,11,0,0,0,5281a754a4d52a49e71c77a59be072f3124e0b0e2aa214485724e7a6b5d8111c,ARCHIVE-ONLY,Keep as archive provenance; determine whether a dedicated public representation is warranted,falke0039/wystynez@ba42a20180cc475e176c8b98606568580b754171:p0111.htm
p0112.htm,https://www.wystynez.ru/p0112.htm,,article,,6446,8,0,0,0,74fa45ea93506a981a150bb33fd1eb8f2bb19c542f1c86a9c217e8c4873c76af,ARCHIVE-ONLY,Keep as archive provenance; determine whether a dedicated public representation is warranted,falke0039/wystynez@ba42a20180cc475e176c8b98606568580b754171:p0112.htm
p0113.htm,https://www.wystynez.ru/p0113.htm,,article,,5502,116,0,0,0,2a8f28e7d0fab2a459cb00716d5276639df0805aa086190d022c987b8079c335,ARCHIVE-ONLY,Keep as archive provenance; determine whether a dedicated public representation is warranted,falke0039/wystynez@ba42a20180cc475e176c8b98606568580b754171:p0113.htm
p0114.htm,https://www.wystynez.ru/p0114.htm,,article,,715,11,0,0,0,f407935ddee4ac2ecb0c2642df47e90a5003dfcffb23fa2547fcbda7d696c1a3,ARCHIVE-ONLY,Keep as archive provenance; determine whether a dedicated public representation is warranted,falke0039/wystynez@ba42a20180cc475e176c8b98606568580b754171:p0114.htm
p0115.htm,https://www.wystynez.ru/p0115.htm,,article,,816,7,0,0,0,dc98db66518b9f5379ecb4afa72214f6895a4b322e6d081fa8f108ea347e1de6,ARCHIVE-ONLY,Keep as archive provenance; determine whether a dedicated public representation is warranted,falke0039/wystynez@ba42a20180cc475e176c8b98606568580b754171:p0115.htm
p0116.htm,https://www.wystynez.ru/p0116.htm,,article,scouts-maxim-jack,9706,13,0,5,12,ffe5e38f5d3ddd6707ff51b43e8065e80049d88f86f3bb203780cfbdfe260b90,PARTIAL,Verify source-to-runtime body/media parity and public rendering,falke0039/wystynez@ba42a20180cc475e176c8b98606568580b754171:p0116.htm
p0117.htm,https://www.wystynez.ru/p0117.htm,,article,v-gosti-k-kamnyu,5862,15,0,37,7,bb7e78b6db0bc914d40962c881bc5665eb646ffbeb2e0a610a069db8cbadb4a2,PARTIAL,Verify source-to-runtime body/media parity and public rendering,falke0039/wystynez@ba42a20180cc475e176c8b98606568580b754171:p0117.htm
p0118.htm,https://www.wystynez.ru/p0118.htm,,article,,2549,8,0,0,0,84efb5d83cdf22856756678abd6429cd187a392b5f4b710187fefc52dd85e20f,ARCHIVE-ONLY,Keep as archive provenance; determine whether a dedicated public representation is warranted,falke0039/wystynez@ba42a20180cc475e176c8b98606568580b754171:p0118.htm
p0119.htm,https://www.wystynez.ru/p0119.htm,,article,,696,6,0,0,0,474b51c3e4968262461c557f71f65e4235d76e48e813282d1847b51e4e4d4892,ARCHIVE-ONLY,Keep as archive provenance; determine whether a dedicated public representation is warranted,falke0039/wystynez@ba42a20180cc475e176c8b98606568580b754171:p0119.htm
p0120.htm,https://www.wystynez.ru/p0120.htm,,article,legend-of-stone-contest,8633,7,1,22,0,961f455f2ba1128aa815c3a5c772e0545b1a5360f3143c7c40e7a0dabc303b4e,PARTIAL,Verify source-to-runtime body/media parity and public rendering,falke0039/wystynez@ba42a20180cc475e176c8b98606568580b754171:p0120.htm
p0121.htm,https://www.wystynez.ru/p0121.htm,,article,,1208,4,0,0,0,15bb008dd6a969f5f7bcc6994e693129ad7101150554a9f86a4c2802bb43e03c,ARCHIVE-ONLY,Keep as archive provenance; determine whether a dedicated public representation is warranted,falke0039/wystynez@ba42a20180cc475e176c8b98606568580b754171:p0121.htm
p0122.htm,https://www.wystynez.ru/p0122.htm,,article,anatomy-stone,5141,38,1,30,34,9d1eede9a9b3da7f5d5bf743446c1d2bfba622eda958a3f7b1256d629bfb7b28,PARTIAL,Verify source-to-runtime body/media parity and public rendering,falke0039/wystynez@ba42a20180cc475e176c8b98606568580b754171:p0122.htm
p0123.htm,https://www.wystynez.ru/p0123.htm,,article,,1578,7,0,0,0,316dbe70fcd0b9d9f7262413e6efdf6e82b17039bb9486c0fd43845e5baaebfb,ARCHIVE-ONLY,Keep as archive provenance; determine whether a dedicated public representation is warranted,falke0039/wystynez@ba42a20180cc475e176c8b98606568580b754171:p0123.htm
p0124.htm,https://www.wystynez.ru/p0124.htm,,article,,1681,8,0,0,0,d3fd4012348c195cfd1ef8e5c8662b956435fda6bfd1b4513d2748d02acfd8f9,ARCHIVE-ONLY,Keep as archive provenance; determine whether a dedicated public representation is warranted,falke0039/wystynez@ba42a20180cc475e176c8b98606568580b754171:p0124.htm
p0125.htm,https://www.wystynez.ru/p0125.htm,,article,neighbors-2023,5171,20,0,6,18,0a9db23ac3a8e04cef1caac84f6d06c1783ff747376cf44fd2b30f534e56e1ad,PARTIAL,Verify source-to-runtime body/media parity and public rendering,falke0039/wystynez@ba42a20180cc475e176c8b98606568580b754171:p0125.htm
p0126.htm,https://www.wystynez.ru/p0126.htm,,article,neighbors-2023-program,3299,13,1,5,3,c5213b8166af1a66475bbcaafbf93519c546f7c86ace6112a8199f3012e54572,PARTIAL,Verify source-to-runtime body/media parity and public rendering,falke0039/wystynez@ba42a20180cc475e176c8b98606568580b754171:p0126.htm
p0130.htm,https://www.wystynez.ru/p0130.htm,,article,neighbors-2024,1530,4,0,4,2,073dcce2495da5149f57c9d140d1e2c1d82405dc671973baf18c1e42b6f545e2,PARTIAL,Verify source-to-runtime body/media parity and public rendering,falke0039/wystynez@ba42a20180cc475e176c8b98606568580b754171:p0130.htm
p0131.htm,https://www.wystynez.ru/p0131.htm,,article,,215,8,1,0,0,ba5ab5277f0e6874480bfb75b0972828375e6a5ef0fd573737ced3bb8716ce9e,ARCHIVE-ONLY,Keep as archive provenance; determine whether a dedicated public representation is warranted,falke0039/wystynez@ba42a20180cc475e176c8b98606568580b754171:p0131.htm
p10.htm,https://www.wystynez.ru/p10.htm,,article,,1213,13,0,0,0,0f76cd04d65a5f10403b8eee5b3d5ac0a0124ff97abb747ec00d1533de9df124,ARCHIVE-ONLY,Keep as archive provenance; determine whether a dedicated public representation is warranted,falke0039/wystynez@ba42a20180cc475e176c8b98606568580b754171:p10.htm
p100.htm,https://www.wystynez.ru/p100.htm,,article,,6150,27,0,0,0,e2b2fd1302f6bc586c74a37dbdf96fcbf1e926da9f6c74c856911258bbf43cec,ARCHIVE-ONLY,Keep as archive provenance; determine whether a dedicated public representation is warranted,falke0039/wystynez@ba42a20180cc475e176c8b98606568580b754171:p100.htm
p101.htm,https://www.wystynez.ru/p101.htm,,article,,4286,34,0,0,0,3aeaa75559f23daec9b9408b1bf954a18ca3e5fd4e48f1b3b4e0538e137a5826,ARCHIVE-ONLY,Keep as archive provenance; determine whether a dedicated public representation is warranted,falke0039/wystynez@ba42a20180cc475e176c8b98606568580b754171:p101.htm
p102.htm,https://www.wystynez.ru/p102.htm,,article,,6354,16,0,0,0,fc5f18385b50f5940a28b30d79a1f56e2d26394257ee2a277b41f81cb8e0e75f,ARCHIVE-ONLY,Keep as archive provenance; determine whether a dedicated public representation is warranted,falke0039/wystynez@ba42a20180cc475e176c8b98606568580b754171:p102.htm
p103.htm,https://www.wystynez.ru/p103.htm,,article,museum-mail,3585,22,0,20,20,72c147df964dab7e9b1ffc1b1864edf13464851d1be1971eeb98be6ba24e62f7,PARTIAL,Verify source-to-runtime body/media parity and public rendering,falke0039/wystynez@ba42a20180cc475e176c8b98606568580b754171:p103.htm
p104.htm,https://www.wystynez.ru/p104.htm,,article,nature-complexes-book,4419,12,0,3,10,ebd0535e38c441e7c38a262186887fc8677ee93a4402e9c5efa1c8e8bcf4b678,PARTIAL,Verify source-to-runtime body/media parity and public rendering,falke0039/wystynez@ba42a20180cc475e176c8b98606568580b754171:p104.htm
p11.htm,https://www.wystynez.ru/p11.htm,,article,,1829,1,0,0,0,f5a022d2d1c1eddfcb65f807fc1b2a9b3e8d0abb4d4898e51fe94facd9f317cc,ARCHIVE-ONLY,Keep as archive provenance; determine whether a dedicated public representation is warranted,falke0039/wystynez@ba42a20180cc475e176c8b98606568580b754171:p11.htm
p12.htm,https://www.wystynez.ru/p12.htm,,article,,1760,16,0,0,0,ce6981eb763b6ca5f83c4216708b24f48a9ff63411240985f8dea10b2976f963,ARCHIVE-ONLY,Keep as archive provenance; determine whether a dedicated public representation is warranted,falke0039/wystynez@ba42a20180cc475e176c8b98606568580b754171:p12.htm
p15.htm,https://www.wystynez.ru/p15.htm,,article,,6643,92,0,0,0,1abcc9291a824ea5d52434a42a08464a4f0830fbc4533ea3653c5429a0cfb7e7,ARCHIVE-ONLY,Keep as archive provenance; determine whether a dedicated public representation is warranted,falke0039/wystynez@ba42a20180cc475e176c8b98606568580b754171:p15.htm
p16.htm,https://www.wystynez.ru/p16.htm,,article,living-shield-action-2003,1509,5,0,5,5,0e4a1a28099d698669f5293daee63a5ce6fe90a0476a015e85058f28b2c5801b,PARTIAL,Verify source-to-runtime body/media parity and public rendering,falke0039/wystynez@ba42a20180cc475e176c8b98606568580b754171:p16.htm
p21.htm,https://www.wystynez.ru/p21.htm,,article,childrens-summer-camp-2003,505,6,0,2,5,a86850d91f6a9432fe7c38f71d90be3b6d1c5bb8732982993813f8b32dbf00c1,PARTIAL,Verify source-to-runtime body/media parity and public rendering,falke0039/wystynez@ba42a20180cc475e176c8b98606568580b754171:p21.htm
p22.htm,https://www.wystynez.ru/p22.htm,,article,,2443,3,0,0,0,ba12c3732b2f869d85e4505fbd8f8511149bc84464dc162279e80c52d6320ff6,ARCHIVE-ONLY,Keep as archive provenance; determine whether a dedicated public representation is warranted,falke0039/wystynez@ba42a20180cc475e176c8b98606568580b754171:p22.htm
p23.htm,https://www.wystynez.ru/p23.htm,,article,scientific-expedition-2003,445,6,0,2,5,9775e395e8c2d0ad1bfa32a6fd42ecc0fdca879876fb0a4701f57eec6e4f3ad9,PARTIAL,Verify source-to-runtime body/media parity and public rendering,falke0039/wystynez@ba42a20180cc475e176c8b98606568580b754171:p23.htm
p24.htm,https://www.wystynez.ru/p24.htm,,article,vishtynets-lake,5312,16,0,7,13,9755488abb909f003e54352635ca7b88f72a51b44ba32707abe12a7b3103c8b1,PARTIAL,Verify source-to-runtime body/media parity and public rendering,falke0039/wystynez@ba42a20180cc475e176c8b98606568580b754171:p24.htm
p25.htm,https://www.wystynez.ru/p25.htm,,article,,1329,9,0,0,0,1837e9b8387c3071c9c6d268b3158e36a2507da39c5e44c8af79a8df056bfb2f,ARCHIVE-ONLY,Keep as archive provenance; determine whether a dedicated public representation is warranted,falke0039/wystynez@ba42a20180cc475e176c8b98606568580b754171:p25.htm
p27.htm,https://www.wystynez.ru/p27.htm,,article,,2077,10,0,0,0,35d2ced77c10ba4edc17666c40396bc91de0d666fc351e7a8d6bfe276956a610,ARCHIVE-ONLY,Keep as archive provenance; determine whether a dedicated public representation is warranted,falke0039/wystynez@ba42a20180cc475e176c8b98606568580b754171:p27.htm
p28.htm,https://www.wystynez.ru/p28.htm,,article,,2941,16,0,0,0,676530a4bb01831a3002e72a0329be3640e00c793d9a9500226846a6cdc127ef,ARCHIVE-ONLY,Keep as archive provenance; determine whether a dedicated public representation is warranted,falke0039/wystynez@ba42a20180cc475e176c8b98606568580b754171:p28.htm
p29.htm,https://www.wystynez.ru/p29.htm,,article,old-settlers-chistye-prudy-2004,1348,5,0,4,4,f8107228fcb91f6e00cb273bc32e970d61971618287c61b545bd98a92960409b,PARTIAL,Verify source-to-runtime body/media parity and public rendering,falke0039/wystynez@ba42a20180cc475e176c8b98606568580b754171:p29.htm
p30.htm,https://www.wystynez.ru/p30.htm,,article,,1103,6,0,0,0,ebe3c02f432fd5cf002e5e920acf27b08769524f213933d35c274e961329e9d6,ARCHIVE-ONLY,Keep as archive provenance; determine whether a dedicated public representation is warranted,falke0039/wystynez@ba42a20180cc475e176c8b98606568580b754171:p30.htm
p31.htm,https://www.wystynez.ru/p31.htm,,article,travelling-exposition-2004,3542,14,0,4,4,f3c6fc9ad356302c5fc7509a01b63c27e501cf77efd3e566bb3ae1dd5df69897,PARTIAL,Verify source-to-runtime body/media parity and public rendering,falke0039/wystynez@ba42a20180cc475e176c8b98606568580b754171:p31.htm
p32.htm,https://www.wystynez.ru/p32.htm,,article,,32794,4,0,0,0,8f2af9d303d0444f7fda8e25fbe17636fe8311b4f5a1e046ddff179031871d63,ARCHIVE-ONLY,Keep as archive provenance; determine whether a dedicated public representation is warranted,falke0039/wystynez@ba42a20180cc475e176c8b98606568580b754171:p32.htm
p33.htm,https://www.wystynez.ru/p33.htm,,article,donelaitis,1048,16,0,4,13,4c25b3fcaebcf18ea850fe27a2f8a07ef84bb720af463802b1bd25e541d3b509,PARTIAL,Verify source-to-runtime body/media parity and public rendering,falke0039/wystynez@ba42a20180cc475e176c8b98606568580b754171:p33.htm
p34.htm,https://www.wystynez.ru/p34.htm,,article,,35438,3,0,0,0,94534fde8e2abda7660ac1400b90d6571dfe2a360c41fa4e1656d7904d230cdf,ARCHIVE-ONLY,Keep as archive provenance; determine whether a dedicated public representation is warranted,falke0039/wystynez@ba42a20180cc475e176c8b98606568580b754171:p34.htm
p35.htm,https://www.wystynez.ru/p35.htm,,article,,45181,2,0,0,0,a1f0d64275548c22dd55dbb37c6bf2569c09e03741069b83f811f06afcca5b1b,ARCHIVE-ONLY,Keep as archive provenance; determine whether a dedicated public representation is warranted,falke0039/wystynez@ba42a20180cc475e176c8b98606568580b754171:p35.htm
p36.htm,https://www.wystynez.ru/p36.htm,,article,,33840,3,0,0,0,b14776786f5bbe5ffdf874c27e659c491c0a93bd4fcc7245cee8e45f6788cee3,ARCHIVE-ONLY,Keep as archive provenance; determine whether a dedicated public representation is warranted,falke0039/wystynez@ba42a20180cc475e176c8b98606568580b754171:p36.htm
p38.htm,https://www.wystynez.ru/p38.htm,,article,birds-red-forest,2547,8,0,12,7,35c93fa981129db51f245e9571d6a3cf92a0ebb8bd9461aa842a18e24f320b88,PARTIAL,Verify source-to-runtime body/media parity and public rendering,falke0039/wystynez@ba42a20180cc475e176c8b98606568580b754171:p38.htm
p39.htm,https://www.wystynez.ru/p39.htm,,article,,629,17,0,0,0,2cb4a27f761e9d666f8228c45c7fd1d0d9116476bacfced6602a4cef8f032bd9,ARCHIVE-ONLY,Keep as archive provenance; determine whether a dedicated public representation is warranted,falke0039/wystynez@ba42a20180cc475e176c8b98606568580b754171:p39.htm
p40.htm,https://www.wystynez.ru/p40.htm,,article,museum-exposition,4131,14,0,7,12,1bad2281c07e38179be81e05c37775caf0048945f7382f3040710497200fbba9,PARTIAL,Verify source-to-runtime body/media parity and public rendering,falke0039/wystynez@ba42a20180cc475e176c8b98606568580b754171:p40.htm
p41.htm,https://www.wystynez.ru/p41.htm,,article,,1221,5,0,0,0,7b61de62a3a3e7f9b24351de47ef5b528fbbb7416bc923b92b3506a7da8fa88e,ARCHIVE-ONLY,Keep as archive provenance; determine whether a dedicated public representation is warranted,falke0039/wystynez@ba42a20180cc475e176c8b98606568580b754171:p41.htm
p42.htm,https://www.wystynez.ru/p42.htm,,article,,706,2,0,0,0,79b3ad3c6cb26f49aba68388b5e4e0d64a573cd64067e3f803b1edb16e4dcca2,ARCHIVE-ONLY,Keep as archive provenance; determine whether a dedicated public representation is warranted,falke0039/wystynez@ba42a20180cc475e176c8b98606568580b754171:p42.htm
p43.htm,https://www.wystynez.ru/p43.htm,,article,,511,5,0,0,0,5c327be6b0282feec3120cc747ad8ceaa40c9e66023686be6642d4980388d0c6,ARCHIVE-ONLY,Keep as archive provenance; determine whether a dedicated public representation is warranted,falke0039/wystynez@ba42a20180cc475e176c8b98606568580b754171:p43.htm
p44.htm,https://www.wystynez.ru/p44.htm,,article,nature-monuments,2563,2,0,6,2,74885329e2fcf7c9e5a377dcf9854ed121fd226ce9f66e5bd6eebec2be140995,PARTIAL,Verify source-to-runtime body/media parity and public rendering,falke0039/wystynez@ba42a20180cc475e176c8b98606568580b754171:p44.htm
p45.htm,https://www.wystynez.ru/p45.htm,,navigation,,201,11,0,0,0,cba446ec2717894c8a32f43162082665b6b0eee907969c5ff647bac19cdeba90,ARCHIVE-ONLY,Keep as archive provenance; determine whether a dedicated public representation is warranted,falke0039/wystynez@ba42a20180cc475e176c8b98606568580b754171:p45.htm
p46.htm,https://www.wystynez.ru/p46.htm,,article,,2549,16,0,0,0,4a541fde4cad3312036c4f9b290a96a8318e523066b621730f79ec4dcff73439,ARCHIVE-ONLY,Keep as archive provenance; determine whether a dedicated public representation is warranted,falke0039/wystynez@ba42a20180cc475e176c8b98606568580b754171:p46.htm
p47.htm,https://www.wystynez.ru/p47.htm,,article,,2104,15,0,0,0,9f87d54c572ae4d2a6ad63c28ca708508e5231ffd7ae3b0dc1c6124272ecf794,ARCHIVE-ONLY,Keep as archive provenance; determine whether a dedicated public representation is warranted,falke0039/wystynez@ba42a20180cc475e176c8b98606568580b754171:p47.htm
p48.htm,https://www.wystynez.ru/p48.htm,,article,vishtynets-upland-map-world,1461,11,0,4,9,b8a13c52e165ef028903e179255bc94ea28fbc9ef96d48448ee5751f616a9c53,PARTIAL,Verify source-to-runtime body/media parity and public rendering,falke0039/wystynez@ba42a20180cc475e176c8b98606568580b754171:p48.htm
p49.htm,https://www.wystynez.ru/p49.htm,,article,,4379,10,0,0,0,b8da77f67674b8f87edf5fbf9588b75f621f8107be142fea3788cb876577ff23,ARCHIVE-ONLY,Keep as archive provenance; determine whether a dedicated public representation is warranted,falke0039/wystynez@ba42a20180cc475e176c8b98606568580b754171:p49.htm
p50.htm,https://www.wystynez.ru/p50.htm,,article,,1376,15,0,0,0,96858d7e74fa5a6d6f05bf1c11740912a4beea59e57e4a4da9c632b916d54f4c,ARCHIVE-ONLY,Keep as archive provenance; determine whether a dedicated public representation is warranted,falke0039/wystynez@ba42a20180cc475e176c8b98606568580b754171:p50.htm
p51.htm,https://www.wystynez.ru/p51.htm,,article,,2267,11,0,0,0,43d41a9ce2127f43e5aa08c3c8a1f9491fb07450a515b56eed8aa53a544d3729,ARCHIVE-ONLY,Keep as archive provenance; determine whether a dedicated public representation is warranted,falke0039/wystynez@ba42a20180cc475e176c8b98606568580b754171:p51.htm
p53.htm,https://www.wystynez.ru/p53.htm,,article,,2038,9,0,0,0,57063782213459609a608773ff9e9f52fc5a32cb3387fb234772f58f0696aacf,ARCHIVE-ONLY,Keep as archive provenance; determine whether a dedicated public representation is warranted,falke0039/wystynez@ba42a20180cc475e176c8b98606568580b754171:p53.htm
p54.htm,https://www.wystynez.ru/p54.htm,,article,,2452,12,0,0,0,e62e25779559001db3c8996f0825059433c4d4f242c57ed42cebefce90d79ca9,ARCHIVE-ONLY,Keep as archive provenance; determine whether a dedicated public representation is warranted,falke0039/wystynez@ba42a20180cc475e176c8b98606568580b754171:p54.htm
p55.htm,https://www.wystynez.ru/p55.htm,,article,red-forest-churches,4174,6,0,6,5,a84a1e5eef6e910353ecec2cd7f0812dc1f92ee750683f9014b556c1f92d30a2,PARTIAL,Verify source-to-runtime body/media parity and public rendering,falke0039/wystynez@ba42a20180cc475e176c8b98606568580b754171:p55.htm
p56.htm,https://www.wystynez.ru/p56.htm,,article,,1116,13,0,0,0,b4033d2fd1ce8057e201500ab7d987566c386174b1fa1fb84f71339cf9132590,ARCHIVE-ONLY,Keep as archive provenance; determine whether a dedicated public representation is warranted,falke0039/wystynez@ba42a20180cc475e176c8b98606568580b754171:p56.htm
p57.htm,https://www.wystynez.ru/p57.htm,,article,,8,0,0,0,0,a74480fa07c750d47703840e397b63b1fd709ea575b2b6a60dd3fc233304e158,ARCHIVE-ONLY,Keep as archive provenance; determine whether a dedicated public representation is warranted,falke0039/wystynez@ba42a20180cc475e176c8b98606568580b754171:p57.htm
p58.htm,https://www.wystynez.ru/p58.htm,,article,,7,0,0,0,0,a4de0b2ba964f13c25d891a73c0675b4f1ff091eacdcc94dc4a48035a5f817b2,ARCHIVE-ONLY,Keep as archive provenance; determine whether a dedicated public representation is warranted,falke0039/wystynez@ba42a20180cc475e176c8b98606568580b754171:p58.htm
p59.htm,https://www.wystynez.ru/p59.htm,,article,rominta-legends,1670,2,0,5,1,671bc4ecf5d04997085c9c20ca77b3ee2f614afa0d51bd9407fb018355e48b33,PARTIAL,Verify source-to-runtime body/media parity and public rendering,falke0039/wystynez@ba42a20180cc475e176c8b98606568580b754171:p59.htm
p61.htm,https://www.wystynez.ru/p61.htm,,article,,1279,5,0,0,0,eb361387d14fd9ce438739e9adfa4aa23fd04a5c0b8224498983984d879f7ff0,ARCHIVE-ONLY,Keep as archive provenance; determine whether a dedicated public representation is warranted,falke0039/wystynez@ba42a20180cc475e176c8b98606568580b754171:p61.htm
p68.htm,https://www.wystynez.ru/p68.htm,,article,,1957,11,0,0,0,fd7c671a1557d42be5bd75aa0882d5030ce2666c1b4f14bd11ff854731f79fd8,ARCHIVE-ONLY,Keep as archive provenance; determine whether a dedicated public representation is warranted,falke0039/wystynez@ba42a20180cc475e176c8b98606568580b754171:p68.htm
p69.htm,https://www.wystynez.ru/p69.htm,,article,,1842,15,0,0,0,d8e6e5dbd977779367b7578b0565f8425684a153ebcd99274dcbc1648539cfcc,ARCHIVE-ONLY,Keep as archive provenance; determine whether a dedicated public representation is warranted,falke0039/wystynez@ba42a20180cc475e176c8b98606568580b754171:p69.htm
p70.htm,https://www.wystynez.ru/p70.htm,,article,,483,12,0,0,0,d8193402e653eb0fbd27ea489cbb628942e3afa632ba48a63b157e67209d3709,ARCHIVE-ONLY,Keep as archive provenance; determine whether a dedicated public representation is warranted,falke0039/wystynez@ba42a20180cc475e176c8b98606568580b754171:p70.htm
p71.htm,https://www.wystynez.ru/p71.htm,,article,,1554,17,0,0,0,2e9d176b28dc471855e35d5be7ff44ed1570ebb183f1c8221f35148e0bf0ec43,ARCHIVE-ONLY,Keep as archive provenance; determine whether a dedicated public representation is warranted,falke0039/wystynez@ba42a20180cc475e176c8b98606568580b754171:p71.htm
p72.htm,https://www.wystynez.ru/p72.htm,,article,,2044,12,0,0,0,4d5c22cb43296dd662a502f44d0ef02fbdb27e9b68a2939b5bda0b67b52fbf21,ARCHIVE-ONLY,Keep as archive provenance; determine whether a dedicated public representation is warranted,falke0039/wystynez@ba42a20180cc475e176c8b98606568580b754171:p72.htm
p73.htm,https://www.wystynez.ru/p73.htm,,article,,3177,4,0,0,0,58909b67fdcc86d650f3914507781e857cfad820d91913c0cd6b0739dc59f790,ARCHIVE-ONLY,Keep as archive provenance; determine whether a dedicated public representation is warranted,falke0039/wystynez@ba42a20180cc475e176c8b98606568580b754171:p73.htm
p74.htm,https://www.wystynez.ru/p74.htm,,article,,5600,2,0,0,0,190a9e1a31d4cdf03f1dfa86d69551177e3794a7c6da479dee2d5a178a6867a3,ARCHIVE-ONLY,Keep as archive provenance; determine whether a dedicated public representation is warranted,falke0039/wystynez@ba42a20180cc475e176c8b98606568580b754171:p74.htm
p75.htm,https://www.wystynez.ru/p75.htm,,article,,1370,2,0,0,0,f07b5d31762fa503dacd451f6adf58d67e17f2deb42edc0282541e5bfb0e4826,ARCHIVE-ONLY,Keep as archive provenance; determine whether a dedicated public representation is warranted,falke0039/wystynez@ba42a20180cc475e176c8b98606568580b754171:p75.htm
p76.htm,https://www.wystynez.ru/p76.htm,,article,,342,2,0,0,0,0833a3e604d751179738b56ceb22fc250cba7ea67d4f01738ae96779fda24e27,ARCHIVE-ONLY,Keep as archive provenance; determine whether a dedicated public representation is warranted,falke0039/wystynez@ba42a20180cc475e176c8b98606568580b754171:p76.htm
p77.htm,https://www.wystynez.ru/p77.htm,,article,,1659,5,0,0,0,5fa1920529c1b8d2e449db04eda19376a4b3d791c328eab6f61aacfca9e8202f,ARCHIVE-ONLY,Keep as archive provenance; determine whether a dedicated public representation is warranted,falke0039/wystynez@ba42a20180cc475e176c8b98606568580b754171:p77.htm
p78.htm,https://www.wystynez.ru/p78.htm,,article,,354,7,0,0,0,bc912712bad4e28b84430918021129358188f0c6aeb0b765ec1458c19be3d5e9,ARCHIVE-ONLY,Keep as archive provenance; determine whether a dedicated public representation is warranted,falke0039/wystynez@ba42a20180cc475e176c8b98606568580b754171:p78.htm
p79.htm,https://www.wystynez.ru/p79.htm,,article,,7796,3,0,0,0,25d3acf31a3dc4f4f6e115372aa1b5c5017d38413596f8ae22de6a0a64bd8f4c,ARCHIVE-ONLY,Keep as archive provenance; determine whether a dedicated public representation is warranted,falke0039/wystynez@ba42a20180cc475e176c8b98606568580b754171:p79.htm
p8.htm,https://www.wystynez.ru/p8.htm,,article,,10809,4,0,0,0,68e344cd00f5dd48f8a82bb0babaf3dd2255cd8b327ebe5523c4d8bcaff85408,ARCHIVE-ONLY,Keep as archive provenance; determine whether a dedicated public representation is warranted,falke0039/wystynez@ba42a20180cc475e176c8b98606568580b754171:p8.htm
p80.htm,https://www.wystynez.ru/p80.htm,,article,,737,14,0,0,0,69ab7140a66ca2000760e018ab2658866d03be0d43790499cbc8e2a3e827624c,ARCHIVE-ONLY,Keep as archive provenance; determine whether a dedicated public representation is warranted,falke0039/wystynez@ba42a20180cc475e176c8b98606568580b754171:p80.htm
p81.htm,https://www.wystynez.ru/p81.htm,,article,,3971,7,0,0,0,f69800b6ad53b2542f47230be034548708ea68adbc1b6982ece330bfc86c0894,ARCHIVE-ONLY,Keep as archive provenance; determine whether a dedicated public representation is warranted,falke0039/wystynez@ba42a20180cc475e176c8b98606568580b754171:p81.htm
p82.htm,https://www.wystynez.ru/p82.htm,,article,,2256,10,0,0,0,a4058aed606296ffdf589f0942f4bd692479ba098a5aca501fc4d5025bea3764,ARCHIVE-ONLY,Keep as archive provenance; determine whether a dedicated public representation is warranted,falke0039/wystynez@ba42a20180cc475e176c8b98606568580b754171:p82.htm
p83.htm,https://www.wystynez.ru/p83.htm,,article,,523,5,0,0,0,f97cc9db3f7f95cbc7ef02a98167f77843537e97437f4dcb5a50a510b5049d5e,ARCHIVE-ONLY,Keep as archive provenance; determine whether a dedicated public representation is warranted,falke0039/wystynez@ba42a20180cc475e176c8b98606568580b754171:p83.htm
p84.htm,https://www.wystynez.ru/p84.htm,,article,gnome-treasures-project,4919,8,0,2,6,bd2bc0e0f72f5cacd03cf9364cd1742d67b5132a7921e2e818d3f0f7c869bb55,PARTIAL,Verify source-to-runtime body/media parity and public rendering,falke0039/wystynez@ba42a20180cc475e176c8b98606568580b754171:p84.htm
p85.htm,https://www.wystynez.ru/p85.htm,,article,,1505,10,0,0,0,722011b946c3df87869475c0e73cc1f4c2956a564e8efe365bfa3655322732e0,ARCHIVE-ONLY,Keep as archive provenance; determine whether a dedicated public representation is warranted,falke0039/wystynez@ba42a20180cc475e176c8b98606568580b754171:p85.htm
p86.htm,https://www.wystynez.ru/p86.htm,,article,,673,6,0,0,0,c3a56d80d22f7c7acdd57f99f2a4e58450e54ddd30473f42aea780680a37bfe0,ARCHIVE-ONLY,Keep as archive provenance; determine whether a dedicated public representation is warranted,falke0039/wystynez@ba42a20180cc475e176c8b98606568580b754171:p86.htm
p87.htm,https://www.wystynez.ru/p87.htm,,article,,3503,9,0,0,0,ef4769244ac0bd4e9935821ed54299e50cb6c76e9517e29af0fb888b505f508e,ARCHIVE-ONLY,Keep as archive provenance; determine whether a dedicated public representation is warranted,falke0039/wystynez@ba42a20180cc475e176c8b98606568580b754171:p87.htm
p88.htm,https://www.wystynez.ru/p88.htm,,article,,5689,9,0,0,0,d660521897847732e9c8fb5eb658a069d1d36c165fe13be6f7c4fa14d2d1c713,ARCHIVE-ONLY,Keep as archive provenance; determine whether a dedicated public representation is warranted,falke0039/wystynez@ba42a20180cc475e176c8b98606568580b754171:p88.htm
p89.htm,https://www.wystynez.ru/p89.htm,,article,,3368,19,0,0,0,be6215a90daa12c7edb93ea9de59024ba50bfeddf2e6b179ddb0dcde5d0c27c2,ARCHIVE-ONLY,Keep as archive provenance; determine whether a dedicated public representation is warranted,falke0039/wystynez@ba42a20180cc475e176c8b98606568580b754171:p89.htm
p9.htm,https://www.wystynez.ru/p9.htm,,article,nko-social-projects-exhibition-2003,1812,5,0,4,5,ba4df8e36e1ec5559120e8f3af9e53cd9c5139989d5d8cee46da2f40c91c6b10,PARTIAL,Verify source-to-runtime body/media parity and public rendering,falke0039/wystynez@ba42a20180cc475e176c8b98606568580b754171:p9.htm
p90.htm,https://www.wystynez.ru/p90.htm,,article,,3866,19,0,0,0,d6ac633ace0f4257f15ca4ca2f1fb17c155f9c05c99f5dd03dd677e40f551e2a,ARCHIVE-ONLY,Keep as archive provenance; determine whether a dedicated public representation is warranted,falke0039/wystynez@ba42a20180cc475e176c8b98606568580b754171:p90.htm
p91.htm,https://www.wystynez.ru/p91.htm,,article,,1899,8,0,0,0,ee58d6459eea7a9b98f95aa985f04395785aed55f48a44acc2cea31ea425623c,ARCHIVE-ONLY,Keep as archive provenance; determine whether a dedicated public representation is warranted,falke0039/wystynez@ba42a20180cc475e176c8b98606568580b754171:p91.htm
p92.htm,https://www.wystynez.ru/p92.htm,,article,gnome-treasures,3352,15,0,19,11,b398900d550d6924647ff8a0abb251da3f4bb5be46d10ab3fe682bc1e6a555d7,PARTIAL,Verify source-to-runtime body/media parity and public rendering,falke0039/wystynez@ba42a20180cc475e176c8b98606568580b754171:p92.htm
p94.htm,https://www.wystynez.ru/p94.htm,,article,,2302,3,0,0,0,d83964330a496fc5090b8566bcfd04b41f2462395a0ef7e98f7a419fccfd4214,ARCHIVE-ONLY,Keep as archive provenance; determine whether a dedicated public representation is warranted,falke0039/wystynez@ba42a20180cc475e176c8b98606568580b754171:p94.htm
p95.htm,https://www.wystynez.ru/p95.htm,,article,handmade-candle-workshop,5089,16,0,3,0,d786ee77acef590d2b0dee0cf4881ec4ecf534b61cc7326bdec0eb5e11d5bba0,PARTIAL,Verify source-to-runtime body/media parity and public rendering,falke0039/wystynez@ba42a20180cc475e176c8b98606568580b754171:p95.htm
p96.htm,https://www.wystynez.ru/p96.htm,,article,,3591,25,0,0,0,88f9a61d369ffff8479f57395eaee0ff02c6a9e1aae42fd4f80d0eeed14bcdda,ARCHIVE-ONLY,Keep as archive provenance; determine whether a dedicated public representation is warranted,falke0039/wystynez@ba42a20180cc475e176c8b98606568580b754171:p96.htm
p97.htm,https://www.wystynez.ru/p97.htm,,article,,2377,14,0,0,0,2554aefa6b1bc3bc3b3cb8351d8e25617a122302da891963b90c318ec202ad10,ARCHIVE-ONLY,Keep as archive provenance; determine whether a dedicated public representation is warranted,falke0039/wystynez@ba42a20180cc475e176c8b98606568580b754171:p97.htm
p98.htm,https://www.wystynez.ru/p98.htm,,article,,2616,16,0,0,0,9b49738c887bed373a7189ca4ff79be0e66719415b45d5c02fafbc1bb0914eb7,ARCHIVE-ONLY,Keep as archive provenance; determine whether a dedicated public representation is warranted,falke0039/wystynez@ba42a20180cc475e176c8b98606568580b754171:p98.htm
p99.htm,https://www.wystynez.ru/p99.htm,,article,,2750,23,0,0,0,e9d50543b1dabd63048bf6cbca3730f7d460dd810707183fffc2fa0303c2cfae,ARCHIVE-ONLY,Keep as archive provenance; determine whether a dedicated public representation is warranted,falke0039/wystynez@ba42a20180cc475e176c8b98606568580b754171:p99.htm
,https://www.wystynez.ru/p0087.htm,Издания музея и его сотрудников,runtime-only,museum-publications-index,0,0,0,59,0,,ARCHIVE-ONLY,Identify dedicated donor page or retain as archive-index/recovery record,runtime museum-publications-index
,https://www.wystynez.ru/p95.htm,Услуги музея — архивная страница,runtime-only,museum-services-legacy,0,0,0,4,13,,ARCHIVE-ONLY,Identify dedicated donor page or retain as archive-index/recovery record,runtime museum-services-legacy
,https://wystynez.ru/p0008.htm,Праздник «Лесная деревня. Соседи»,runtime-only,forest-village-neighbors-2017,0,0,0,1,11,,ARCHIVE-ONLY,Identify dedicated donor page or retain as archive-index/recovery record,runtime forest-village-neighbors-2017
,https://wystynez.ru/p0008.htm,Международный праздник «Соседи»,runtime-only,neighbors-2018,0,0,0,1,41,,ARCHIVE-ONLY,Identify dedicated donor page or retain as archive-index/recovery record,runtime neighbors-2018
,https://www.wystynez.ru/p0008.htm,Фотовыставка «Ковчег»,runtime-only,ark-photo-exhibition-2021,0,0,0,1,0,,ARCHIVE-ONLY,Identify dedicated donor page or retain as archive-index/recovery record,runtime ark-photo-exhibition-2021
,https://www.wystynez.ru/p0008.htm,Макромир Красного леса,runtime-only,macro-world-red-forest-2021,0,0,0,1,0,,ARCHIVE-ONLY,Identify dedicated donor page or retain as archive-index/recovery record,runtime macro-world-red-forest-2021
,https://www.wystynez.ru/p0008.htm,Краски лета,runtime-only,colors-of-summer-2019,0,0,0,1,0,,ARCHIVE-ONLY,Identify dedicated donor page or retain as archive-index/recovery record,runtime colors-of-summer-2019
,https://www.wystynez.ru/p0008.htm,Дыхание трав,runtime-only,breath-of-herbs-2019,0,0,0,1,0,,ARCHIVE-ONLY,Identify dedicated donor page or retain as archive-index/recovery record,runtime breath-of-herbs-2019
,https://wystynez.ru/p0008.htm,Международный праздник «Соседи»,runtime-only,neighbors-2019,0,0,0,1,0,,ARCHIVE-ONLY,Identify dedicated donor page or retain as archive-index/recovery record,runtime neighbors-2019
,https://wystynez.ru/p0008.htm,Международный культурно-фольклорный фестиваль «Соседи»,runtime-only,neighbors-2016,0,0,0,1,16,,ARCHIVE-ONLY,Identify dedicated donor page or retain as archive-index/recovery record,runtime neighbors-2016
,https://wystynez.ru/p0008.htm,Международный культурно-фольклорный фестиваль «Соседи»,runtime-only,neighbors-2015,0,0,0,1,0,,ARCHIVE-ONLY,Identify dedicated donor page or retain as archive-index/recovery record,runtime neighbors-2015
,https://www.wystynez.ru/p0008.htm,Праздник Роминты — 2014,runtime-only,rominta-festival-2014,0,0,0,1,0,,ARCHIVE-ONLY,Identify dedicated donor page or retain as archive-index/recovery record,runtime rominta-festival-2014
,https://www.wystynez.ru/p0008.htm,Детская исследовательская экспедиция в Роминтской пуще,runtime-only,childrens-research-expedition-2011,0,0,0,1,0,,ARCHIVE-ONLY,Identify dedicated donor page or retain as archive-index/recovery record,runtime childrens-research-expedition-2011
,https://www.wystynez.ru/p0008.htm,Тени старого леса,runtime-only,shadows-old-forest-2011,0,0,0,1,0,,ARCHIVE-ONLY,Identify dedicated donor page or retain as archive-index/recovery record,runtime shadows-old-forest-2011
,https://www.wystynez.ru/p0008.htm,Лагерь волонтёров из парка «Битцевский лес»,runtime-only,bitsevsky-volunteer-camp-2011,0,0,0,1,0,,ARCHIVE-ONLY,Identify dedicated donor page or retain as archive-index/recovery record,runtime bitsevsky-volunteer-camp-2011
,https://www.wystynez.ru/p0008.htm,Открытие музейно-информационного центра в Краснолесье,runtime-only,museum-information-center-opening-2011,0,0,0,1,0,,ARCHIVE-ONLY,Identify dedicated donor page or retain as archive-index/recovery record,runtime museum-information-center-opening-2011
,https://www.wystynez.ru/p0008.htm,Конкурс экологических и эколого-краеведческих троп,runtime-only,eco-trails-contest-2011,0,0,0,1,0,,ARCHIVE-ONLY,Identify dedicated donor page or retain as archive-index/recovery record,runtime eco-trails-contest-2011
,https://wystynez.ru/p0008.htm,Музейная ночь в Краснолесье,runtime-only,museum-night-2010,0,0,0,1,0,,ARCHIVE-ONLY,Identify dedicated donor page or retain as archive-index/recovery record,runtime museum-night-2010
,https://www.wystynez.ru/p0008.htm,Звёзды над Краснолесьем,runtime-only,stars-over-krasnolesye-2010,0,0,0,1,0,,ARCHIVE-ONLY,Identify dedicated donor page or retain as archive-index/recovery record,runtime stars-over-krasnolesye-2010
,https://www.wystynez.ru/p0008.htm,Путешествие в Краснолесье,runtime-only,journey-to-krasnolesye-camp-2009,0,0,0,1,0,,ARCHIVE-ONLY,Identify dedicated donor page or retain as archive-index/recovery record,runtime journey-to-krasnolesye-camp-2009
,https://www.wystynez.ru/p0008.htm,Минимализация негативного влияния отходов на окружающую среду: польский опыт,runtime-only,waste-impact-seminar-2009,0,0,0,1,0,,ARCHIVE-ONLY,Identify dedicated donor page or retain as archive-index/recovery record,runtime waste-impact-seminar-2009
,https://www.wystynez.ru/p0008.htm,Анималистическая графика Татьяны Пушкарёвой,runtime-only,animal-graphics-pushkareva-2009,0,0,0,1,0,,ARCHIVE-ONLY,Identify dedicated donor page or retain as archive-index/recovery record,runtime animal-graphics-pushkareva-2009
,https://wystynez.ru/p0008.htm,Участие в пятых юношеских Ломоносовских чтениях воспитанницы Виштынецкого экомузея,runtime-only,lomonosov-readings-2007,0,0,0,1,0,,ARCHIVE-ONLY,Identify dedicated donor page or retain as archive-index/recovery record,runtime lomonosov-readings-2007
,https://www.wystynez.ru/p0008.htm,Международный лагерь волонтёров — 2007,runtime-only,international-volunteer-camp-2007,0,0,0,1,0,,ARCHIVE-ONLY,Identify dedicated donor page or retain as archive-index/recovery record,runtime international-volunteer-camp-2007
,https://wystynez.ru/p0008.htm,"Выставка «Дети, школа, лес» о детях и школе в посёлке Краснолесье",runtime-only,children-school-forest-2006,0,0,0,1,0,,ARCHIVE-ONLY,Identify dedicated donor page or retain as archive-index/recovery record,runtime children-school-forest-2006
,https://www.wystynez.ru/p0008.htm,Привет из Роминтен — Gruss aus Rominten,runtime-only,gruss-aus-rominten-2006,0,0,0,1,0,,ARCHIVE-ONLY,Identify dedicated donor page or retain as archive-index/recovery record,runtime gruss-aus-rominten-2006
,https://www.wystynez.ru/p0008.htm,Мой мир — моя земля,runtime-only,my-world-my-land-2006,0,0,0,1,0,,ARCHIVE-ONLY,Identify dedicated donor page or retain as archive-index/recovery record,runtime my-world-my-land-2006
,https://www.wystynez.ru/p0008.htm,Экспозиция Виштынецкого экомузея в Музее Мирового океана,runtime-only,museum-world-ocean-exposition-2006,0,0,0,1,0,,ARCHIVE-ONLY,Identify dedicated donor page or retain as archive-index/recovery record,runtime museum-world-ocean-exposition-2006
,https://wystynez.ru/p0008.htm,Портал «Музеи России» предоставил музею домен в рамках своего девятилетия,runtime-only,museums-russia-domain-2006,0,0,0,1,0,,ARCHIVE-ONLY,Identify dedicated donor page or retain as archive-index/recovery record,runtime museums-russia-domain-2006
,https://www.wystynez.ru/p0008.htm,Перекрёсток памяти — Вильгельм и Луиза,runtime-only,crossroads-memory-wilhelm-louise-2005,0,0,0,1,0,,ARCHIVE-ONLY,Identify dedicated donor page or retain as archive-index/recovery record,runtime crossroads-memory-wilhelm-louise-2005
,https://www.wystynez.ru/p0008.htm,Экспозиция Виштынецкого экомузея в Чистых Прудах — 2005,runtime-only,chistye-prudy-exposition-2005,0,0,0,1,0,,ARCHIVE-ONLY,Identify dedicated donor page or retain as archive-index/recovery record,runtime chistye-prudy-exposition-2005
,https://www.wystynez.ru/p0008.htm,Экспозиция Виштынецкого экомузея в Калининграде — 2005,runtime-only,kgtu-exposition-2005,0,0,0,1,0,,ARCHIVE-ONLY,Identify dedicated donor page or retain as archive-index/recovery record,runtime kgtu-exposition-2005
,https://www.wystynez.ru/p0008.htm,Научная экспедиция по Виштынецкой возвышенности — 2004,runtime-only,scientific-expedition-upland-2004,0,0,0,1,0,,ARCHIVE-ONLY,Identify dedicated donor page or retain as archive-index/recovery record,runtime scientific-expedition-upland-2004
,https://www.wystynez.ru/p0008.htm,Фотоплэнер в Красном лесу,runtime-only,photo-plein-air-red-forest-2004,0,0,0,1,0,,ARCHIVE-ONLY,Identify dedicated donor page or retain as archive-index/recovery record,runtime photo-plein-air-red-forest-2004
,https://www.wystynez.ru/p0008.htm,Целау — затерянный мир,runtime-only,tselau-lost-world-2002,0,0,0,1,0,,ARCHIVE-ONLY,Identify dedicated donor page or retain as archive-index/recovery record,runtime tselau-lost-world-2002
,https://wystynez.ru/p0008.htm,Фотовыставка «РОМИНТЕНСКАЯ ПУЩА — МЕЖДУ ПРОШЛЫМ И БУДУЩИМ»,runtime-only,rominten-between-past-future-2002,0,0,0,1,0,,ARCHIVE-ONLY,Identify dedicated donor page or retain as archive-index/recovery record,runtime rominten-between-past-future-2002
,https://www.wystynez.ru/p0087.htm,Виштынецкий эколого-исторический музей — «Музейный гид 2013»,runtime-only,museum-guide-2013,0,0,0,2,0,,ARCHIVE-ONLY,Identify dedicated donor page or retain as archive-index/recovery record,runtime museum-guide-2013
,https://www.wystynez.ru/p0087.htm,Наследие Роминтской пущи. Памятники истории и культуры,runtime-only,rominta-heritage-book-2014,0,0,0,2,0,,ARCHIVE-ONLY,Identify dedicated donor page or retain as archive-index/recovery record,runtime rominta-heritage-book-2014
,https://www.wystynez.ru/p0087.htm,Озеро Виштынецкое,runtime-only,vishtynets-lake-book-2011,0,0,0,2,0,,ARCHIVE-ONLY,Identify dedicated donor page or retain as archive-index/recovery record,runtime vishtynets-lake-book-2011
,https://www.wystynez.ru/p0087.htm,Виштынецкие сокровища гномов. Музейная образовательная программа,runtime-only,gnome-guide-2012,0,0,0,2,0,,ARCHIVE-ONLY,Identify dedicated donor page or retain as archive-index/recovery record,runtime gnome-guide-2012
,https://www.wystynez.ru/p0087.htm,Красная книга Калининградской области,runtime-only,red-book-kaliningrad-2010,0,0,0,2,0,,ARCHIVE-ONLY,Identify dedicated donor page or retain as archive-index/recovery record,runtime red-book-kaliningrad-2010
,https://www.wystynez.ru/p0087.htm,Гражданское общество в деле охраны окружающей среды,runtime-only,civil-society-environment-2013,0,0,0,2,0,,ARCHIVE-ONLY,Identify dedicated donor page or retain as archive-index/recovery record,runtime civil-society-environment-2013
,https://www.wystynez.ru/p0087.htm,Схема охраны природы Калининградской области,runtime-only,nature-protection-scheme-2004,0,0,0,2,0,,ARCHIVE-ONLY,Identify dedicated donor page or retain as archive-index/recovery record,runtime nature-protection-scheme-2004
,https://www.wystynez.ru/p0087.htm,Роминтская пуща. Что посмотреть и где остановиться,runtime-only,rominta-tourism-brochure-2011,0,0,0,2,0,,ARCHIVE-ONLY,Identify dedicated donor page or retain as archive-index/recovery record,runtime rominta-tourism-brochure-2011
,https://www.wystynez.ru/p0087.htm,Strategic Management in the Arts,runtime-only,strategic-management-arts-2012,0,0,0,2,0,,ARCHIVE-ONLY,Identify dedicated donor page or retain as archive-index/recovery record,runtime strategic-management-arts-2012
,https://www.wystynez.ru/p0087.htm,Набор почтовых открыток «Виштынецкий край»,runtime-only,vishtynets-postcards-2006,0,0,0,2,0,,ARCHIVE-ONLY,Identify dedicated donor page or retain as archive-index/recovery record,runtime vishtynets-postcards-2006
,https://www.wystynez.ru/p0087.htm,Атлас культурных ресурсов Калининградской области,runtime-only,cultural-resources-atlas-2008,0,0,0,2,0,,ARCHIVE-ONLY,Identify dedicated donor page or retain as archive-index/recovery record,runtime cultural-resources-atlas-2008
,https://www.wystynez.ru/p0087.htm,Серия открыток «Наследие Роминтской пущи»,runtime-only,rominta-heritage-postcards-2014,0,0,0,2,0,,ARCHIVE-ONLY,Identify dedicated donor page or retain as archive-index/recovery record,runtime rominta-heritage-postcards-2014
,https://www.wystynez.ru/p0087.htm,Роминтская пуща. Видеоэкскурсия,runtime-only,rominta-video-tour-2011,0,0,0,2,0,,ARCHIVE-ONLY,Identify dedicated donor page or retain as archive-index/recovery record,runtime rominta-video-tour-2011
,https://www.wystynez.ru/p0087.htm,Куршская коса. Культурный ландшафт,runtime-only,curonian-spit-cultural-landscape-2008,0,0,0,2,0,,ARCHIVE-ONLY,Identify dedicated donor page or retain as archive-index/recovery record,runtime curonian-spit-cultural-landscape-2008
,https://www.wystynez.ru/p0008.htm,Железные дороги Роминтской пущи,runtime-only,rominta-railways-2024,0,0,0,2,0,,ARCHIVE-ONLY,Identify dedicated donor page or retain as archive-index/recovery record,runtime rominta-railways-2024
,https://www.wystynez.ru/p0008.htm,Персональная выставка Виталия Хвалея,runtime-only,vitaly-khvaley-exhibition-2023,0,0,0,2,0,,ARCHIVE-ONLY,Identify dedicated donor page or retain as archive-index/recovery record,runtime vitaly-khvaley-exhibition-2023
,https://www.wystynez.ru/p0008.htm,"РОМИНТА, часть первая «КОСМОС»",runtime-only,rominta-cosmos-photo-2022,0,0,0,2,0,,ARCHIVE-ONLY,Identify dedicated donor page or retain as archive-index/recovery record,runtime rominta-cosmos-photo-2022
,https://wystynez.ru/p0008.htm,Акция «Речная колыбель»,runtime-only,river-cradle-action-2020,0,0,0,1,0,,ARCHIVE-ONLY,Identify dedicated donor page or retain as archive-index/recovery record,runtime river-cradle-action-2020
,https://wystynez.ru/p0008.htm,Путешествие в Непал,runtime-only,nepal-exhibition-2020,0,0,0,1,0,,ARCHIVE-ONLY,Identify dedicated donor page or retain as archive-index/recovery record,runtime nepal-exhibition-2020
,https://wystynez.ru/p0008.htm,Концерт «Танцы возле Красного леса»,runtime-only,dances-near-red-forest-2019,0,0,0,1,0,,ARCHIVE-ONLY,Identify dedicated donor page or retain as archive-index/recovery record,runtime dances-near-red-forest-2019
,https://wystynez.ru/p0008.htm,Фотовыставка «Неизвестный Виштынец»,runtime-only,unknown-vishtynets-photo-exhibition-2019,0,0,0,1,0,,ARCHIVE-ONLY,Identify dedicated donor page or retain as archive-index/recovery record,runtime unknown-vishtynets-photo-exhibition-2019
,https://wystynez.ru/p0008.htm,Роминтская пуща,runtime-only,tambovtseva-rominta-2019,0,0,0,1,0,,ARCHIVE-ONLY,Identify dedicated donor page or retain as archive-index/recovery record,runtime tambovtseva-rominta-2019
,https://wystynez.ru/p0008.htm,Фотовыставка Юлии Алексеевой «Роминта. Музыка леса»,runtime-only,rominta-music-forest-2018,0,0,0,1,0,,ARCHIVE-ONLY,Identify dedicated donor page or retain as archive-index/recovery record,runtime rominta-music-forest-2018
,https://wystynez.ru/p0008.htm,Магия цветов,runtime-only,tambovtseva-magic-flowers-2018,0,0,0,1,0,,ARCHIVE-ONLY,Identify dedicated donor page or retain as archive-index/recovery record,runtime tambovtseva-magic-flowers-2018
,https://wystynez.ru/p0008.htm,Концерт «Купальские мотивы»,runtime-only,kupala-motifs-2018,0,0,0,1,0,,ARCHIVE-ONLY,Identify dedicated donor page or retain as archive-index/recovery record,runtime kupala-motifs-2018
,https://wystynez.ru/p0008.htm,"Вчера, сегодня и всегда",runtime-only,irena-piltite-tapestries-2018,0,0,0,1,0,,ARCHIVE-ONLY,Identify dedicated donor page or retain as archive-index/recovery record,runtime irena-piltite-tapestries-2018
,https://wystynez.ru/p0008.htm,Голос Донелайтиса,runtime-only,voice-of-donelaitis-2018,0,0,0,1,0,,ARCHIVE-ONLY,Identify dedicated donor page or retain as archive-index/recovery record,runtime voice-of-donelaitis-2018
,https://wystynez.ru/p0008.htm,Фильм музея — победитель регионального фестиваля документальных фильмов,runtime-only,museum-film-award-2017,0,0,0,1,0,,ARCHIVE-ONLY,Identify dedicated donor page or retain as archive-index/recovery record,runtime museum-film-award-2017
,https://wystynez.ru/p0008.htm,Концерт «Легенды»,runtime-only,legends-concert-2017,0,0,0,1,0,,ARCHIVE-ONLY,Identify dedicated donor page or retain as archive-index/recovery record,runtime legends-concert-2017
,https://wystynez.ru/p0008.htm,Победа в конкурсе «Опыт места»,runtime-only,experience-of-place-award-2017,0,0,0,1,0,,ARCHIVE-ONLY,Identify dedicated donor page or retain as archive-index/recovery record,runtime experience-of-place-award-2017
,https://wystynez.ru/p0008.htm,Рядом с лесом,runtime-only,near-the-forest-exhibition-2017,0,0,0,1,0,,ARCHIVE-ONLY,Identify dedicated donor page or retain as archive-index/recovery record,runtime near-the-forest-exhibition-2017
,https://wystynez.ru/p0008.htm,Дыхание трав,runtime-only,breath-of-herbs-2017,0,0,0,1,0,,ARCHIVE-ONLY,Identify dedicated donor page or retain as archive-index/recovery record,runtime breath-of-herbs-2017
,https://wystynez.ru/p0008.htm,Выставка «Лес и люди»,runtime-only,forest-and-people-2016,0,0,0,1,0,,ARCHIVE-ONLY,Identify dedicated donor page or retain as archive-index/recovery record,runtime forest-and-people-2016
,https://wystynez.ru/p0008.htm,Каменные руны и шепот дерева,runtime-only,stone-runes-whisper-wood-2016,0,0,0,1,0,,ARCHIVE-ONLY,Identify dedicated donor page or retain as archive-index/recovery record,runtime stone-runes-whisper-wood-2016
,https://www.wystynez.ru/p0008.htm,Концерт государственного симфонического оркестра в саду музея,runtime-only,symphony-orchestra-garden-2015,0,0,0,1,0,,ARCHIVE-ONLY,Identify dedicated donor page or retain as archive-index/recovery record,runtime symphony-orchestra-garden-2015
,https://wystynez.ru/p0008.htm,Семинар «Историко-культурное наследие Роминтской пущи»,runtime-only,heritage-seminar-2014,0,0,0,1,0,,ARCHIVE-ONLY,Identify dedicated donor page or retain as archive-index/recovery record,runtime heritage-seminar-2014
,https://wystynez.ru/p0008.htm,Путешествие к К. Донелайтису к 300-летию поэта,runtime-only,donelaitis-journey-2013,0,0,0,1,0,,ARCHIVE-ONLY,Identify dedicated donor page or retain as archive-index/recovery record,runtime donelaitis-journey-2013
,https://www.wystynez.ru/p0008.htm,Диплом конкурса туристической индустрии Калининградской области,runtime-only,tourism-industry-diploma-2013,0,0,0,1,0,,ARCHIVE-ONLY,Identify dedicated donor page or retain as archive-index/recovery record,runtime tourism-industry-diploma-2013
,https://www.wystynez.ru/p0008.htm,Фестиваль «Музейный гид» — 2013,runtime-only,museum-guide-festival-2013,0,0,0,1,0,,ARCHIVE-ONLY,Identify dedicated donor page or retain as archive-index/recovery record,runtime museum-guide-festival-2013
,https://www.wystynez.ru/p95.htm,"Страна, где рождаются реки",runtime-only,country-where-rivers-born,0,0,0,3,0,,ARCHIVE-ONLY,Identify dedicated donor page or retain as archive-index/recovery record,runtime country-where-rivers-born
,https://www.wystynez.ru/p95.htm,Цвета Красного леса,runtime-only,colors-of-red-forest-program,0,0,0,3,0,,ARCHIVE-ONLY,Identify dedicated donor page or retain as archive-index/recovery record,runtime colors-of-red-forest-program
,https://www.wystynez.ru/p95.htm,В гостях у музея,runtime-only,visiting-the-museum-program,0,0,0,3,0,,ARCHIVE-ONLY,Identify dedicated donor page or retain as archive-index/recovery record,runtime visiting-the-museum-program
,https://www.wystynez.ru/p95.htm,Знакомьтесь: растения!,runtime-only,meet-the-plants-program,0,0,0,3,0,,ARCHIVE-ONLY,Identify dedicated donor page or retain as archive-index/recovery record,runtime meet-the-plants-program
,https://www.wystynez.ru/p0008.htm,Выставка «Виштынецкие сокровища гномов» в Санкт-Петербурге,runtime-only,gnome-treasures-exhibition-spb-2014,0,0,0,1,0,,ARCHIVE-ONLY,Identify dedicated donor page or retain as archive-index/recovery record,runtime gnome-treasures-exhibition-spb-2014
,https://www.wystynez.ru/p0008.htm,300-летие Кристионаса Донелайтиса в Краснолесье,runtime-only,donelaitis-300-krasnolesye-2014,0,0,0,1,0,,ARCHIVE-ONLY,Identify dedicated donor page or retain as archive-index/recovery record,runtime donelaitis-300-krasnolesye-2014
,https://wystynez.ru/p0008.htm,Выставка «Железные дороги Роминтской пущи»,runtime-only,railways-rominten-2024,0,0,0,1,0,,ARCHIVE-ONLY,Identify dedicated donor page or retain as archive-index/recovery record,runtime railways-rominten-2024
,https://wystynez.ru/p0008.htm,Персональная выставка художественных работ Виталия Хвалея,runtime-only,khvaley-2023,0,0,0,1,0,,ARCHIVE-ONLY,Identify dedicated donor page or retain as archive-index/recovery record,runtime khvaley-2023
,https://wystynez.ru/p0008.htm,"Фотовыставка «РОМИНТА, часть первая КОСМОС» Юлии Алексеевой",runtime-only,rominta-cosmos-2022,0,0,0,1,0,,ARCHIVE-ONLY,Identify dedicated donor page or retain as archive-index/recovery record,runtime rominta-cosmos-2022
,https://wystynez.ru/p0008.htm,Фотовыставка «Ковчег» Юрия Бутеруса и Юлии Алексеевой,runtime-only,arkheq-2021,0,0,0,1,0,,ARCHIVE-ONLY,Identify dedicated donor page or retain as archive-index/recovery record,runtime arkheq-2021
,https://wystynez.ru/p0008.htm,Выставка Дмитрия Домнина «Макромир Красного леса»,runtime-only,macroworld-2021,0,0,0,1,0,,ARCHIVE-ONLY,Identify dedicated donor page or retain as archive-index/recovery record,runtime macroworld-2021
,https://wystynez.ru/p0008.htm,Акция «Речная колыбель»,runtime-only,river-cradle-2020,0,0,0,1,0,,ARCHIVE-ONLY,Identify dedicated donor page or retain as archive-index/recovery record,runtime river-cradle-2020
,https://wystynez.ru/p0008.htm,"Проект «Памяти разведгруппы “Максим”», открытие памятного камня",runtime-only,maxim-memory-2020,0,0,0,1,0,,ARCHIVE-ONLY,Identify dedicated donor page or retain as archive-index/recovery record,runtime maxim-memory-2020
,https://wystynez.ru/p0008.htm,Выставка Эдуарда Карлецкого «Путешествие в Непал»,runtime-only,nepal-2020,0,0,0,1,0,,ARCHIVE-ONLY,Identify dedicated donor page or retain as archive-index/recovery record,runtime nepal-2020
,https://wystynez.ru/p0008.htm,Выставка живописи Натальи Урвачёвой «Краски лета»,runtime-only,colors-summer-2019,0,0,0,1,0,,ARCHIVE-ONLY,Identify dedicated donor page or retain as archive-index/recovery record,runtime colors-summer-2019
,https://wystynez.ru/p0008.htm,Выставка «Дыхание трав» — флористические сюжеты Ирины Губаревой,runtime-only,breath-herbs-2019,0,0,0,1,0,,ARCHIVE-ONLY,Identify dedicated donor page or retain as archive-index/recovery record,runtime breath-herbs-2019
,https://wystynez.ru/p0008.htm,Концерт «Танцы возле Красного леса»,runtime-only,dances-red-forest-2019,0,0,0,1,0,,ARCHIVE-ONLY,Identify dedicated donor page or retain as archive-index/recovery record,runtime dances-red-forest-2019
,https://wystynez.ru/p0008.htm,Выставка живописи Людмилы Тамбовцевой «Роминтская пуща»,runtime-only,rominten-forest-2019,0,0,0,1,0,,ARCHIVE-ONLY,Identify dedicated donor page or retain as archive-index/recovery record,runtime rominten-forest-2019
,https://wystynez.ru/p0008.htm,Выставка живописи Людмилы Тамбовцевой «Магия цветов»,runtime-only,magic-flowers-2018,0,0,0,1,0,,ARCHIVE-ONLY,Identify dedicated donor page or retain as archive-index/recovery record,runtime magic-flowers-2018
,https://wystynez.ru/p0008.htm,Концерт «Купальские мотивы»,runtime-only,kupala-motives-2018,0,0,0,1,0,,ARCHIVE-ONLY,Identify dedicated donor page or retain as archive-index/recovery record,runtime kupala-motives-2018
,https://wystynez.ru/p0008.htm,"Выставка гобеленов Ирены Пилтите «Вчера, сегодня и всегда»",runtime-only,irena-piltite-2018,0,0,0,1,0,,ARCHIVE-ONLY,Identify dedicated donor page or retain as archive-index/recovery record,runtime irena-piltite-2018
,https://wystynez.ru/p0008.htm,Литературные чтения «Голос Донелайтиса»,runtime-only,donelaitis-voice-2018,0,0,0,1,0,,ARCHIVE-ONLY,Identify dedicated donor page or retain as archive-index/recovery record,runtime donelaitis-voice-2018
,https://wystynez.ru/p0008.htm,Фильм музея стал победителем регионального фестиваля документальных фильмов,runtime-only,film-regional-festival-2017,0,0,0,1,0,,ARCHIVE-ONLY,Identify dedicated donor page or retain as archive-index/recovery record,runtime film-regional-festival-2017
,https://wystynez.ru/p0008.htm,Музей стал победителем конкурса «Опыт места»,runtime-only,place-experience-2017,0,0,0,1,0,,ARCHIVE-ONLY,Identify dedicated donor page or retain as archive-index/recovery record,runtime place-experience-2017
,https://wystynez.ru/p0008.htm,Выставка «Рядом с лесом»,runtime-only,near-forest-kaliningrad-2017,0,0,0,1,0,,ARCHIVE-ONLY,Identify dedicated donor page or retain as archive-index/recovery record,runtime near-forest-kaliningrad-2017
,https://wystynez.ru/p0008.htm,Выставка «Дыхание трав»,runtime-only,breath-herbs-2017,0,0,0,1,0,,ARCHIVE-ONLY,Identify dedicated donor page or retain as archive-index/recovery record,runtime breath-herbs-2017
,https://wystynez.ru/p0008.htm,Выставка «Каменные руны и шепот дерева»,runtime-only,stone-runes-whisper-tree-2016,0,0,0,1,0,,ARCHIVE-ONLY,Identify dedicated donor page or retain as archive-index/recovery record,runtime stone-runes-whisper-tree-2016
,https://wystynez.ru/p0008.htm,Проект музея «Лесная деревня» — победитель конкурса «Меняющийся музей в меняющемся мире»,runtime-only,forest-village-project-2016,0,0,0,1,0,,ARCHIVE-ONLY,Identify dedicated donor page or retain as archive-index/recovery record,runtime forest-village-project-2016
,https://wystynez.ru/p0008.htm,Открытие экспозиции под открытым небом «Каменные истории»,runtime-only,stone-stories-open-air-2015,0,0,0,1,0,,ARCHIVE-ONLY,Identify dedicated donor page or retain as archive-index/recovery record,runtime stone-stories-open-air-2015
,https://wystynez.ru/p0008.htm,Концерт Государственного симфонического оркестра под руководством А. Фельдмана,runtime-only,symphony-feldman-2015,0,0,0,1,0,,ARCHIVE-ONLY,Identify dedicated donor page or retain as archive-index/recovery record,runtime symphony-feldman-2015
,https://wystynez.ru/p0008.htm,Издана книга «Природа Калининградской области. Ключевые природные комплексы»,runtime-only,nature-kaliningrad-book-2014,0,0,0,1,0,,ARCHIVE-ONLY,Identify dedicated donor page or retain as archive-index/recovery record,runtime nature-kaliningrad-book-2014
,https://wystynez.ru/p0008.htm,Проект «Музейная почта»,runtime-only,museum-post-2014,0,0,0,1,0,,ARCHIVE-ONLY,Identify dedicated donor page or retain as archive-index/recovery record,runtime museum-post-2014
,https://wystynez.ru/p0008.htm,Фестиваль «Праздник Роминты»,runtime-only,rominta-holiday-2014,0,0,0,1,0,,ARCHIVE-ONLY,Identify dedicated donor page or retain as archive-index/recovery record,runtime rominta-holiday-2014
,https://wystynez.ru/p0008.htm,Выставка «Виштынецкие сокровища гномов» в Санкт-Петербурге,runtime-only,gnome-treasures-spb-2014,0,0,0,1,0,,ARCHIVE-ONLY,Identify dedicated donor page or retain as archive-index/recovery record,runtime gnome-treasures-spb-2014
,https://wystynez.ru/p0008.htm,Празднование 300-летнего юбилея К. Донелайтиса в Краснолесье,runtime-only,donelaitis-300-2014,0,0,0,1,0,,ARCHIVE-ONLY,Identify dedicated donor page or retain as archive-index/recovery record,runtime donelaitis-300-2014
,https://wystynez.ru/p0008.htm,Музей стал дипломантом конкурса туристической индустрии Калининградской области,runtime-only,tourism-award-2013,0,0,0,1,0,,ARCHIVE-ONLY,Identify dedicated donor page or retain as archive-index/recovery record,runtime tourism-award-2013
,https://wystynez.ru/p0008.htm,Участие в фестивале «Музейный гид» с выставкой «Виштынецкие сокровища гномов»,runtime-only,museum-guide-2013-festival,0,0,0,1,0,,ARCHIVE-ONLY,Identify dedicated donor page or retain as archive-index/recovery record,runtime museum-guide-2013-festival
,https://wystynez.ru/p0008.htm,Издан сборник «Музейный гид»-2013 с брошюрой о музее,runtime-only,museum-guide-2013-book,0,0,0,1,0,,ARCHIVE-ONLY,Identify dedicated donor page or retain as archive-index/recovery record,runtime museum-guide-2013-book
,https://wystynez.ru/p0008.htm,Детская исследовательская экспедиция в Роминтской пуще,runtime-only,rominten-expedition-2011,0,0,0,1,0,,ARCHIVE-ONLY,Identify dedicated donor page or retain as archive-index/recovery record,runtime rominten-expedition-2011
,https://wystynez.ru/p0008.htm,Музейная ночь в Краснолесье «Тени старого леса»,runtime-only,museum-night-2011,0,0,0,1,0,,ARCHIVE-ONLY,Identify dedicated donor page or retain as archive-index/recovery record,runtime museum-night-2011
,https://wystynez.ru/p0008.htm,Лагерь волонтёров из природно-исторического парка «Битцевский лес»,runtime-only,volunteers-bitsevsky-2011,0,0,0,1,0,,ARCHIVE-ONLY,Identify dedicated donor page or retain as archive-index/recovery record,runtime volunteers-bitsevsky-2011
,https://wystynez.ru/p0008.htm,Торжественное открытие музейно-информационного центра в Краснолесье,runtime-only,museum-center-opening-2011,0,0,0,1,0,,ARCHIVE-ONLY,Identify dedicated donor page or retain as archive-index/recovery record,runtime museum-center-opening-2011
,https://wystynez.ru/p0008.htm,Конкурс экологических и эколого-краеведческих троп в Роминтской пуще,runtime-only,eco-trails-competition-2011,0,0,0,1,0,,ARCHIVE-ONLY,Identify dedicated donor page or retain as archive-index/recovery record,runtime eco-trails-competition-2011
,https://wystynez.ru/p0008.htm,Образовательный проект «Звёзды над Краснолесьем»,runtime-only,stars-krasnolesye-2010,0,0,0,1,0,,ARCHIVE-ONLY,Identify dedicated donor page or retain as archive-index/recovery record,runtime stars-krasnolesye-2010
,https://wystynez.ru/p0008.htm,Детский познавательный лагерь «Путешествие в Краснолесье»,runtime-only,children-camp-2009,0,0,0,1,0,,ARCHIVE-ONLY,Identify dedicated donor page or retain as archive-index/recovery record,runtime children-camp-2009
,https://wystynez.ru/p0008.htm,"Семинар «Минимализация негативного влияния отходов на окружающую среду, польский опыт»",runtime-only,waste-seminar-2009,0,0,0,1,0,,ARCHIVE-ONLY,Identify dedicated donor page or retain as archive-index/recovery record,runtime waste-seminar-2009
,https://wystynez.ru/p0008.htm,Выставка анималистической графики Татьяны Пушкарёвой,runtime-only,pushkareva-2009,0,0,0,1,0,,ARCHIVE-ONLY,Identify dedicated donor page or retain as archive-index/recovery record,runtime pushkareva-2009
,https://wystynez.ru/p0008.htm,Международный лагерь волонтёров,runtime-only,volunteer-camp-2007,0,0,0,1,0,,ARCHIVE-ONLY,Identify dedicated donor page or retain as archive-index/recovery record,runtime volunteer-camp-2007
,https://wystynez.ru/p0008.htm,Выставка «Привет из Роминтен — Gruss aus Rominten» в Калининградском Немецко-Русском доме,runtime-only,rominten-german-russian-2006,0,0,0,1,0,,ARCHIVE-ONLY,Identify dedicated donor page or retain as archive-index/recovery record,runtime rominten-german-russian-2006
,https://wystynez.ru/p0008.htm,Конкурс детских творческих работ «Мой мир — моя земля»,runtime-only,children-contest-2006,0,0,0,1,0,,ARCHIVE-ONLY,Identify dedicated donor page or retain as archive-index/recovery record,runtime children-contest-2006
,https://wystynez.ru/p0008.htm,Экспозиция Виштынецкого экомузея в Калининграде в Музее Мирового океана,runtime-only,museum-ocean-2006,0,0,0,1,0,,ARCHIVE-ONLY,Identify dedicated donor page or retain as archive-index/recovery record,runtime museum-ocean-2006
,https://wystynez.ru/p0008.htm,Выставка «Перекрёсток памяти — Вильгельм и Луиза»,runtime-only,wilhelm-luise-2005,0,0,0,1,0,,ARCHIVE-ONLY,Identify dedicated donor page or retain as archive-index/recovery record,runtime wilhelm-luise-2005
,https://wystynez.ru/p0008.htm,Экспозиция Виштынецкого экомузея в посёлке Чистые Пруды,runtime-only,chistye-prudy-2005,0,0,0,1,0,,ARCHIVE-ONLY,Identify dedicated donor page or retain as archive-index/recovery record,runtime chistye-prudy-2005
,https://wystynez.ru/p0008.htm,"Экспозиция Виштынецкого экомузея в Калининграде, музей КГТУ",runtime-only,kaliningrad-kgtu-2005,0,0,0,1,0,,ARCHIVE-ONLY,Identify dedicated donor page or retain as archive-index/recovery record,runtime kaliningrad-kgtu-2005
,https://wystynez.ru/p0008.htm,Научная экспедиция по Виштынецкой возвышенности,runtime-only,vishnyovka-expedition-2004,0,0,0,1,0,,ARCHIVE-ONLY,Identify dedicated donor page or retain as archive-index/recovery record,runtime vishnyovka-expedition-2004
,https://wystynez.ru/p0008.htm,Фотоплэнер в Красном лесу,runtime-only,photo-plener-2004,0,0,0,1,0,,ARCHIVE-ONLY,Identify dedicated donor page or retain as archive-index/recovery record,runtime photo-plener-2004
,https://wystynez.ru/p0008.htm,Открытие экспозиции Виштынецкого общественного эколого-исторического музея в мемориальном музее Кристионаса Донелайтиса,runtime-only,donelaitis-exposition-2004,0,0,0,1,0,,ARCHIVE-ONLY,Identify dedicated donor page or retain as archive-index/recovery record,runtime donelaitis-exposition-2004
,https://wystynez.ru/p0008.htm,Встреча старожилов (первых переселенцев) в посёлке Чистые Пруды,runtime-only,old-settlers-2004,0,0,0,1,0,,ARCHIVE-ONLY,Identify dedicated donor page or retain as archive-index/recovery record,runtime old-settlers-2004
,https://wystynez.ru/p0008.htm,Фотовыставка «Целау — затерянный мир»,runtime-only,celau-lost-world-2002,0,0,0,1,0,,ARCHIVE-ONLY,Identify dedicated donor page or retain as archive-index/recovery record,runtime celau-lost-world-2002
,https://wystynez.ru/p0008.htm,Детский летний лагерь,runtime-only,children-camp-2003,0,0,0,1,0,,ARCHIVE-ONLY,Identify dedicated donor page or retain as archive-index/recovery record,runtime children-camp-2003
,https://wystynez.ru/p0008.htm,Научная экспедиция,runtime-only,science-expedition-2003,0,0,0,1,0,,ARCHIVE-ONLY,Identify dedicated donor page or retain as archive-index/recovery record,runtime science-expedition-2003
,https://wystynez.ru/p0008.htm,Акция «Живой щит»,runtime-only,living-shield-2003,0,0,0,1,0,,ARCHIVE-ONLY,Identify dedicated donor page or retain as archive-index/recovery record,runtime living-shield-2003
,https://wystynez.ru/p0008.htm,Участие в выставке социальных услуг и проектов некоммерческих организаций НКО,runtime-only,ngo-social-projects-2003,0,0,0,1,0,,ARCHIVE-ONLY,Identify dedicated donor page or retain as archive-index/recovery record,runtime ngo-social-projects-2003
