donor_path,donor_blob_sha,source_bytes,source_url,classification,review_status,notes
"Fotovystavka.htm","6214c9fcf6df40f9d3ac1a3f0b38b09e7babd421","13686","https://www.wystynez.ru/Fotovystavka.htm","UNREVIEWED","SOURCE_PRESENT","Full body and runtime mapping not yet verified"
"Prazdnik--SOSEDI----2018.htm","3c54c683b619a6446ff68bdc893447061301d04d","63776","https://www.wystynez.ru/Prazdnik--SOSEDI----2018.htm","UNREVIEWED","SOURCE_PRESENT","Full body and runtime mapping not yet verified"
"_scft.htm","0da59dfa05314615d2a7876812c8cf81affe5d17","32","https://www.wystynez.ru/_scft.htm","UNREVIEWED","SOURCE_PRESENT","Full body and runtime mapping not yet verified"
"aMy---eto--sotrudniki--Kaliningradskogo--regional_nogo--obcshestvennogo--uchrezhdenija--Vishtyneckij.htm","ec8d8d9853e73ce9f8af0377f361f563ad6a2696","19221","https://www.wystynez.ru/aMy---eto--sotrudniki--Kaliningradskogo--regional_nogo--obcshestvennogo--uchrezhdenija--Vishtyneckij.htm","UNREVIEWED","SOURCE_PRESENT","Full body and runtime mapping not yet verified"
"index.htm","33a73c616750b810f7432e817f02e52fcf1621b5","1534","https://www.wystynez.ru/index.htm","UNREVIEWED","SOURCE_PRESENT","Full body and runtime mapping not yet verified"
"index.html","f91d632fd03edabfa74e6ae6b8eb16c691fd3e6d","26468","https://www.wystynez.ru/index.html","UNREVIEWED","SOURCE_PRESENT","Full body and runtime mapping not yet verified"
"p0008.htm","fc30d825231af5490d26adaf6a478689bbf4a672","83504","https://www.wystynez.ru/p0008.htm","UNREVIEWED","SOURCE_PRESENT","Full body and runtime mapping not yet verified"
"p0084.htm","f678c282c073700d42bb1c547168b3a7341608d2","4819","https://www.wystynez.ru/p0084.htm","UNREVIEWED","SOURCE_PRESENT","Full body and runtime mapping not yet verified"
"p0085.htm","c38f9d2d50bc8aa4a011976370a7c88e4e2d7f24","15886","https://www.wystynez.ru/p0085.htm","UNREVIEWED","SOURCE_PRESENT","Full body and runtime mapping not yet verified"
"p0086.htm","00b8a523b543daf7e7d45b760acf33ad637534cf","32003","https://www.wystynez.ru/p0086.htm","UNREVIEWED","SOURCE_PRESENT","Full body and runtime mapping not yet verified"
"p0087.htm","097f7424bcee33cab52e7fa2d89ee2e004bb61cc","40296","https://www.wystynez.ru/p0087.htm","UNREVIEWED","SOURCE_PRESENT","Full body and runtime mapping not yet verified"
"p0088.htm","4754a377355b2b30297bb2792e273037b524b941","16263","https://www.wystynez.ru/p0088.htm","UNREVIEWED","SOURCE_PRESENT","Full body and runtime mapping not yet verified"
"p0089.htm","ef64b083dd89ab5e9c6f948535737e4830787db2","20649","https://www.wystynez.ru/p0089.htm","UNREVIEWED","SOURCE_PRESENT","Full body and runtime mapping not yet verified"
"p0090.htm","23d0b218c248356d3c244aa9292b82dc80a8437b","57729","https://www.wystynez.ru/p0090.htm","UNREVIEWED","SOURCE_PRESENT","Full body and runtime mapping not yet verified"
"p0091.htm","daa3c98530f8a78c8166c48e0d240ea8413cf3e5","16761","https://www.wystynez.ru/p0091.htm","UNREVIEWED","SOURCE_PRESENT","Full body and runtime mapping not yet verified"
"p0092.htm","16a8131bf31bbcae542347e68a269d3f4af66209","19138","https://www.wystynez.ru/p0092.htm","UNREVIEWED","SOURCE_PRESENT","Full body and runtime mapping not yet verified"
"p0093.htm","603b782e547cc85cc9e8c66956934dd03484ef53","21908","https://www.wystynez.ru/p0093.htm","UNREVIEWED","SOURCE_PRESENT","Full body and runtime mapping not yet verified"
"p0094.htm","6d29f85d8c9ba86d03fd58450846814847a47fd2","18140","https://www.wystynez.ru/p0094.htm","UNREVIEWED","SOURCE_PRESENT","Full body and runtime mapping not yet verified"
"p0095.htm","c23f7c97383953ce38cbc5a1cd480cc7e4528509","15109","https://www.wystynez.ru/p0095.htm","UNREVIEWED","SOURCE_PRESENT","Full body and runtime mapping not yet verified"
"p0096.htm","0399ba8cfe4fec95e568232691f084f5c78b3de1","15915","https://www.wystynez.ru/p0096.htm","UNREVIEWED","SOURCE_PRESENT","Full body and runtime mapping not yet verified"
"p0097.htm","462efa6da59420fd063b1088f3a8243d1c2ca8f4","32101","https://www.wystynez.ru/p0097.htm","UNREVIEWED","SOURCE_PRESENT","Full body and runtime mapping not yet verified"
"p0098.htm","2c954466d0d449329e94fbca0c51f5336bb9ca35","24644","https://www.wystynez.ru/p0098.htm","UNREVIEWED","SOURCE_PRESENT","Full body and runtime mapping not yet verified"
"p0099.htm","57ac53aa21a72b3f4e824b640d0fea64863d8bed","50137","https://www.wystynez.ru/p0099.htm","UNREVIEWED","SOURCE_PRESENT","Full body and runtime mapping not yet verified"
"p0100.htm","9aa99c40513bb71c3d16453041f6b199de94ec79","14803","https://www.wystynez.ru/p0100.htm","UNREVIEWED","SOURCE_PRESENT","Full body and runtime mapping not yet verified"
"p0102.htm","91a924e563851b4d184dc1bc2cd75ae44238f35b","21349","https://www.wystynez.ru/p0102.htm","UNREVIEWED","SOURCE_PRESENT","Full body and runtime mapping not yet verified"
"p0103.htm","64b8fa59065d28eacd6aa2238ded3b7db8c82367","19253","https://www.wystynez.ru/p0103.htm","UNREVIEWED","SOURCE_PRESENT","Full body and runtime mapping not yet verified"
"p0104.htm","6eb0c8ac337214d6c7bb7ab86f6a872737fc572b","37176","https://www.wystynez.ru/p0104.htm","UNREVIEWED","SOURCE_PRESENT","Full body and runtime mapping not yet verified"
"p0106.htm","69ee7c307bd22fe79d4e40290488318a7459906c","33731","https://www.wystynez.ru/p0106.htm","UNREVIEWED","SOURCE_PRESENT","Full body and runtime mapping not yet verified"
"p0107.htm","0978fef8661ea1b34fc43c4bbeb1e840e9df2502","26781","https://www.wystynez.ru/p0107.htm","UNREVIEWED","SOURCE_PRESENT","Full body and runtime mapping not yet verified"
"p0108.htm","ec6381d5f15e287350d0f7096e8d911f21768e2b","27013","https://www.wystynez.ru/p0108.htm","UNREVIEWED","SOURCE_PRESENT","Full body and runtime mapping not yet verified"
"p0109.htm","b0dbd7d6f94bd284ed6132af5d4f7df9840e8d76","28471","https://www.wystynez.ru/p0109.htm","UNREVIEWED","SOURCE_PRESENT","Full body and runtime mapping not yet verified"
"p0110.htm","348d76403036e87b386fa42b0029772672e02438","66413","https://www.wystynez.ru/p0110.htm","UNREVIEWED","SOURCE_PRESENT","Full body and runtime mapping not yet verified"
"p0111.htm","13515d67d4b378f6f06d3f7c7b34c28235f35933","18109","https://www.wystynez.ru/p0111.htm","UNREVIEWED","SOURCE_PRESENT","Full body and runtime mapping not yet verified"
"p0112.htm","1f1073fe5584d199aadfb952329a28e1ad71c8a3","40673","https://www.wystynez.ru/p0112.htm","UNREVIEWED","SOURCE_PRESENT","Full body and runtime mapping not yet verified"
"p0113.htm","ef7956be3d3ed06f25e53753fab9e06799020377","56369","https://www.wystynez.ru/p0113.htm","UNREVIEWED","SOURCE_PRESENT","Full body and runtime mapping not yet verified"
"p0114.htm","9d7a94afedf1442f23ce44c23e38fbe1c4cd1fa0","10205","https://www.wystynez.ru/p0114.htm","UNREVIEWED","SOURCE_PRESENT","Full body and runtime mapping not yet verified"
"p0115.htm","fbabab374ed73ca6b14c7894110ecbe346acce43","12509","https://www.wystynez.ru/p0115.htm","UNREVIEWED","SOURCE_PRESENT","Full body and runtime mapping not yet verified"
"p0116.htm","c67c60c375a4fb383fc87387618ff0da275721fc","43543","https://www.wystynez.ru/p0116.htm","UNREVIEWED","SOURCE_PRESENT","Full body and runtime mapping not yet verified"
"p0117.htm","70493c8447fdd899d5733e846638fcad7f8a8be5","46738","https://www.wystynez.ru/p0117.htm","UNREVIEWED","SOURCE_PRESENT","Full body and runtime mapping not yet verified"
"p0118.htm","cf36e791ca5fef2c4fb3d5c8a6b77515211e92dd","25544","https://www.wystynez.ru/p0118.htm","UNREVIEWED","SOURCE_PRESENT","Full body and runtime mapping not yet verified"
"p0119.htm","d654dce785eaeb87689d8f7a23cde2863fa7d580","11161","https://www.wystynez.ru/p0119.htm","UNREVIEWED","SOURCE_PRESENT","Full body and runtime mapping not yet verified"
"p0120.htm","0f7180ef3ac8f124bdf9cd7468dd00e3e442ac3e","38940","https://www.wystynez.ru/p0120.htm","UNREVIEWED","SOURCE_PRESENT","Full body and runtime mapping not yet verified"
"p0121.htm","2f6948162310ea743ab0fdc44d0716fcb250db03","14799","https://www.wystynez.ru/p0121.htm","UNREVIEWED","SOURCE_PRESENT","Full body and runtime mapping not yet verified"
"p0122.htm","3f7383513432affb5c72426c12b518237f9cbc21","43898","https://www.wystynez.ru/p0122.htm","UNREVIEWED","SOURCE_PRESENT","Full body and runtime mapping not yet verified"
"p0123.htm","acc2c7d79a05eaa1da96e61d310c1e79d8ffeee2","16222","https://www.wystynez.ru/p0123.htm","UNREVIEWED","SOURCE_PRESENT","Full body and runtime mapping not yet verified"
"p0124.htm","cfed1e28d21445d1e82c35901fa8402aae5d4aba","18153","https://www.wystynez.ru/p0124.htm","UNREVIEWED","SOURCE_PRESENT","Full body and runtime mapping not yet verified"
"p0125.htm","327aefc298f0ea352d149681be39242dae6e0285","24705","https://www.wystynez.ru/p0125.htm","UNREVIEWED","SOURCE_PRESENT","Full body and runtime mapping not yet verified"
"p0126.htm","637bd132920956ea5f7a05a99cc9a06ee7d21272","21635","https://www.wystynez.ru/p0126.htm","UNREVIEWED","SOURCE_PRESENT","Full body and runtime mapping not yet verified"
"p0130.htm","d289b43f0a204b7fc3ad412252b3526ba8dfed68","10711","https://www.wystynez.ru/p0130.htm","UNREVIEWED","SOURCE_PRESENT","Full body and runtime mapping not yet verified"
"p0131.htm","35cbd48f3e0e96368c60e0ab20a2a839297adc03","10799","https://www.wystynez.ru/p0131.htm","UNREVIEWED","SOURCE_PRESENT","Full body and runtime mapping not yet verified"
"p10.htm","cd46352b980d5101278c43685626cd0e0e9b9905","32605","https://www.wystynez.ru/p10.htm","UNREVIEWED","SOURCE_PRESENT","Full body and runtime mapping not yet verified"
"p100.htm","65efa051d3b9dc8289618d51158285d6da41fc64","35645","https://www.wystynez.ru/p100.htm","UNREVIEWED","SOURCE_PRESENT","Full body and runtime mapping not yet verified"
"p101.htm","a66b4a0eb8aca29fe394bcbf079083d643762834","36808","https://www.wystynez.ru/p101.htm","UNREVIEWED","SOURCE_PRESENT","Full body and runtime mapping not yet verified"
"p102.htm","d5e27926becec9921a8ebcf3437eccbfad5cea6b","30899","https://www.wystynez.ru/p102.htm","UNREVIEWED","SOURCE_PRESENT","Full body and runtime mapping not yet verified"
"p103.htm","a745b238c0a8c74774a349f61e4b6194e6d073a5","24959","https://www.wystynez.ru/p103.htm","UNREVIEWED","SOURCE_PRESENT","Full body and runtime mapping not yet verified"
"p104.htm","c1cbdf6dc09cd6e9233ffde5d55f58c64d5054ff","22732","https://www.wystynez.ru/p104.htm","UNREVIEWED","SOURCE_PRESENT","Full body and runtime mapping not yet verified"
"p11.htm","c37336218b383ee61b5175c4e67d5ba383607fa7","6731","https://www.wystynez.ru/p11.htm","UNREVIEWED","SOURCE_PRESENT","Full body and runtime mapping not yet verified"
"p12.htm","e082078bb8b4aefe2faf4cfb6478f825be9fd00c","15215","https://www.wystynez.ru/p12.htm","UNREVIEWED","SOURCE_PRESENT","Full body and runtime mapping not yet verified"
"p15.htm","ca14ae67caf8ee5273130e13f71b4fcaab76f569","76139","https://www.wystynez.ru/p15.htm","UNREVIEWED","SOURCE_PRESENT","Full body and runtime mapping not yet verified"
"p16.htm","b6601eca489772abe9c4e8507b1b40600ef366e1","7496","https://www.wystynez.ru/p16.htm","UNREVIEWED","SOURCE_PRESENT","Full body and runtime mapping not yet verified"
"p21.htm","7d6284ef10260ab4a5ac78a8b7a17b206e3b6e19","4781","https://www.wystynez.ru/p21.htm","UNREVIEWED","SOURCE_PRESENT","Full body and runtime mapping not yet verified"
"p22.htm","25f64fa14842d3b0a0a7fec029271f6442c4fb7a","7514","https://www.wystynez.ru/p22.htm","UNREVIEWED","SOURCE_PRESENT","Full body and runtime mapping not yet verified"
"p23.htm","555d3e6708c710b209e93aa810a203b8813f4421","4563","https://www.wystynez.ru/p23.htm","UNREVIEWED","SOURCE_PRESENT","Full body and runtime mapping not yet verified"
"p24.htm","eca7910a342520d65d99705936d16b964ed04d8c","26168","https://www.wystynez.ru/p24.htm","UNREVIEWED","SOURCE_PRESENT","Full body and runtime mapping not yet verified"
"p25.htm","311452a1942a06e243c30960558de206e7fdaa17","12161","https://www.wystynez.ru/p25.htm","UNREVIEWED","SOURCE_PRESENT","Full body and runtime mapping not yet verified"
"p27.htm","25750ca0ca02337cb11fa7d1f3d4ace1b76c85c9","14293","https://www.wystynez.ru/p27.htm","UNREVIEWED","SOURCE_PRESENT","Full body and runtime mapping not yet verified"
"p28.htm","084a4b12f8c2d9959cc72fe8b5cd006ef007cebc","19377","https://www.wystynez.ru/p28.htm","UNREVIEWED","SOURCE_PRESENT","Full body and runtime mapping not yet verified"
"p29.htm","425f3ced46bd94d7528ecb24623a343877870c94","7075","https://www.wystynez.ru/p29.htm","UNREVIEWED","SOURCE_PRESENT","Full body and runtime mapping not yet verified"
"p30.htm","db1e3d1ce8ce2539cd7e044599bed1321d9cb6c5","7755","https://www.wystynez.ru/p30.htm","UNREVIEWED","SOURCE_PRESENT","Full body and runtime mapping not yet verified"
"p31.htm","150615db098769e77a4261d66f0cf81625485b1c","17925","https://www.wystynez.ru/p31.htm","UNREVIEWED","SOURCE_PRESENT","Full body and runtime mapping not yet verified"
"p32.htm","892489c4a55793897734c615f87ab10beb9b769f","64760","https://www.wystynez.ru/p32.htm","UNREVIEWED","SOURCE_PRESENT","Full body and runtime mapping not yet verified"
"p33.htm","5bea46c9bde5187cc9600cb091d9da919467084f","15555","https://www.wystynez.ru/p33.htm","UNREVIEWED","SOURCE_PRESENT","Full body and runtime mapping not yet verified"
"p34.htm","656dc29bae77e0c6d6490becb638670a70a7cc73","68656","https://www.wystynez.ru/p34.htm","UNREVIEWED","SOURCE_PRESENT","Full body and runtime mapping not yet verified"
"p35.htm","4eb4042ebcaf504ecf312cdc9c06194defd13f23","86363","https://www.wystynez.ru/p35.htm","UNREVIEWED","SOURCE_PRESENT","Full body and runtime mapping not yet verified"
"p36.htm","61a4a4dfb77eb3180298ebb317d70fd14a351d80","65260","https://www.wystynez.ru/p36.htm","UNREVIEWED","SOURCE_PRESENT","Full body and runtime mapping not yet verified"
"p38.htm","ef647c72355afa211bf158b8625f2fabde6f2809","15345","https://www.wystynez.ru/p38.htm","UNREVIEWED","SOURCE_PRESENT","Full body and runtime mapping not yet verified"
"p39.htm","629c5e0b638f76823c9852b89b0a6f730a08b678","15576","https://www.wystynez.ru/p39.htm","UNREVIEWED","SOURCE_PRESENT","Full body and runtime mapping not yet verified"
"p40.htm","cbea9cba1743c77b008ef3d56bf2e67e8b3b2d91","19698","https://www.wystynez.ru/p40.htm","UNREVIEWED","SOURCE_PRESENT","Full body and runtime mapping not yet verified"
"p41.htm","1a085e8ad5408ba888665554b7030c8d2bd36082","6072","https://www.wystynez.ru/p41.htm","UNREVIEWED","SOURCE_PRESENT","Full body and runtime mapping not yet verified"
"p42.htm","fbf41bce21f269f6c5b12d1e7632c0820e3b2819","5521","https://www.wystynez.ru/p42.htm","UNREVIEWED","SOURCE_PRESENT","Full body and runtime mapping not yet verified"
"p43.htm","5af783454a5a55808a42f13774617bf01f7526eb","5315","https://www.wystynez.ru/p43.htm","UNREVIEWED","SOURCE_PRESENT","Full body and runtime mapping not yet verified"
"p44.htm","5c49608c46d57257d231cdffa0bdcab9381c07a7","8289","https://www.wystynez.ru/p44.htm","UNREVIEWED","SOURCE_PRESENT","Full body and runtime mapping not yet verified"
"p45.htm","133c60e4755a53a3e52c7337f0a9f596b094f042","8077","https://www.wystynez.ru/p45.htm","UNREVIEWED","SOURCE_PRESENT","Full body and runtime mapping not yet verified"
"p46.htm","dbcbda981344e5eb92bcb519d5beda25d037a67a","14902","https://www.wystynez.ru/p46.htm","UNREVIEWED","SOURCE_PRESENT","Full body and runtime mapping not yet verified"
"p47.htm","d831318f7b1162d1c0747476465c2f91fde8c307","17668","https://www.wystynez.ru/p47.htm","UNREVIEWED","SOURCE_PRESENT","Full body and runtime mapping not yet verified"
"p48.htm","a596ad45d2a3c04fe12962d1fc19b893592afa94","14060","https://www.wystynez.ru/p48.htm","UNREVIEWED","SOURCE_PRESENT","Full body and runtime mapping not yet verified"
"p49.htm","f63696313aebb13b71cc07b42c44b3af92db9be5","17629","https://www.wystynez.ru/p49.htm","UNREVIEWED","SOURCE_PRESENT","Full body and runtime mapping not yet verified"
"p50.htm","7ba794a695ae7311dbfa48bf31d79f78790d2fd6","12408","https://www.wystynez.ru/p50.htm","UNREVIEWED","SOURCE_PRESENT","Full body and runtime mapping not yet verified"
"p51.htm","6ffc84ac6fff7fc96ccf4f22300869da5c9dc5ca","11141","https://www.wystynez.ru/p51.htm","UNREVIEWED","SOURCE_PRESENT","Full body and runtime mapping not yet verified"
"p53.htm","1fb47a4d00fe509e6b049ccb8e5120bd1b9c12f5","12400","https://www.wystynez.ru/p53.htm","UNREVIEWED","SOURCE_PRESENT","Full body and runtime mapping not yet verified"
"p54.htm","974f661b7f137f6fbe6486fc4bdcbf90f1c1c1c8","12881","https://www.wystynez.ru/p54.htm","UNREVIEWED","SOURCE_PRESENT","Full body and runtime mapping not yet verified"
"p55.htm","e5da9e251325588ecf4a3ebf0d1645fd95d1ed09","13206","https://www.wystynez.ru/p55.htm","UNREVIEWED","SOURCE_PRESENT","Full body and runtime mapping not yet verified"
"p56.htm","0a50ebc0f4fd3edca5941f5cad4adf679dcc30f5","8669","https://www.wystynez.ru/p56.htm","UNREVIEWED","SOURCE_PRESENT","Full body and runtime mapping not yet verified"
"p57.htm","ca6a5dc2de98ccaefe4ecb83294fbc571a1c1890","950","https://www.wystynez.ru/p57.htm","UNREVIEWED","SOURCE_PRESENT","Full body and runtime mapping not yet verified"
"p58.htm","b05a15315c3eb370d2d95efb0b953414ba72de6f","946","https://www.wystynez.ru/p58.htm","UNREVIEWED","SOURCE_PRESENT","Full body and runtime mapping not yet verified"
"p59.htm","89091753ebb0db6507603b1c0f5cdc263a42afdc","5948","https://www.wystynez.ru/p59.htm","UNREVIEWED","SOURCE_PRESENT","Full body and runtime mapping not yet verified"
"p61.htm","29a608cd85435264da1bef28802e88801a818e90","7603","https://www.wystynez.ru/p61.htm","UNREVIEWED","SOURCE_PRESENT","Full body and runtime mapping not yet verified"
"p68.htm","3cda5fe84162275c96452e6d8ae2ea683ff66045","10499","https://www.wystynez.ru/p68.htm","UNREVIEWED","SOURCE_PRESENT","Full body and runtime mapping not yet verified"
"p69.htm","a2de3033e5199220bf9a1d6dc5ffecb5e085dd88","12236","https://www.wystynez.ru/p69.htm","UNREVIEWED","SOURCE_PRESENT","Full body and runtime mapping not yet verified"
"p70.htm","94f5bb209b14e13fbd303d6b97e1c9e59d47a395","7629","https://www.wystynez.ru/p70.htm","UNREVIEWED","SOURCE_PRESENT","Full body and runtime mapping not yet verified"
"p71.htm","ab892d8026e1b623d275b444352eae3131f1f3ab","15303","https://www.wystynez.ru/p71.htm","UNREVIEWED","SOURCE_PRESENT","Full body and runtime mapping not yet verified"
"p72.htm","a0cf01c699f0675ddbb7cf9ec4d34ae5ed409cfb","14776","https://www.wystynez.ru/p72.htm","UNREVIEWED","SOURCE_PRESENT","Full body and runtime mapping not yet verified"
"p73.htm","c1f9dfb202fa954fcae03e87d8333151ceea35d0","13883","https://www.wystynez.ru/p73.htm","UNREVIEWED","SOURCE_PRESENT","Full body and runtime mapping not yet verified"
"p74.htm","f18a439c3f4f02044a5a8d400af33809303fdc42","14379","https://www.wystynez.ru/p74.htm","UNREVIEWED","SOURCE_PRESENT","Full body and runtime mapping not yet verified"
"p75.htm","9c794b1773e155146c239a34cafe5e13a37beaaf","7245","https://www.wystynez.ru/p75.htm","UNREVIEWED","SOURCE_PRESENT","Full body and runtime mapping not yet verified"
"p76.htm","066547342621a064c1e85c77b512a300797bc229","4673","https://www.wystynez.ru/p76.htm","UNREVIEWED","SOURCE_PRESENT","Full body and runtime mapping not yet verified"
"p77.htm","de142f820fdba8820c63643e3713dcb20e2e66e5","11052","https://www.wystynez.ru/p77.htm","UNREVIEWED","SOURCE_PRESENT","Full body and runtime mapping not yet verified"
"p78.htm","babfc2d22f742fa46e8884f3b97f8ea8fc7fbba7","6823","https://www.wystynez.ru/p78.htm","UNREVIEWED","SOURCE_PRESENT","Full body and runtime mapping not yet verified"
"p79.htm","905f5bb1d2703a2a8195ff122e82578d65837915","20680","https://www.wystynez.ru/p79.htm","UNREVIEWED","SOURCE_PRESENT","Full body and runtime mapping not yet verified"
"p8.htm","3e9ae041ccf616f5a9644b9f4dcd6a73d2ea0cd9","25349","https://www.wystynez.ru/p8.htm","UNREVIEWED","SOURCE_PRESENT","Full body and runtime mapping not yet verified"
"p80.htm","8bce9e95bd5b0319dde0d7570d3923c8debdbdb6","9988","https://www.wystynez.ru/p80.htm","UNREVIEWED","SOURCE_PRESENT","Full body and runtime mapping not yet verified"
"p81.htm","79e515ad8db20ba3fa3aadb71a1900e34e50f9de","15284","https://www.wystynez.ru/p81.htm","UNREVIEWED","SOURCE_PRESENT","Full body and runtime mapping not yet verified"
"p82.htm","51aca76fc8f06ee5e95f52cf79c4de7a63b57568","11257","https://www.wystynez.ru/p82.htm","UNREVIEWED","SOURCE_PRESENT","Full body and runtime mapping not yet verified"
"p83.htm","b8dffdada0544db7d383f0bfd5dab884bd9ae9ab","10870","https://www.wystynez.ru/p83.htm","UNREVIEWED","SOURCE_PRESENT","Full body and runtime mapping not yet verified"
"p84.htm","9d16aac65c1fe954e36b9043a9242fdb36d55393","20047","https://www.wystynez.ru/p84.htm","UNREVIEWED","SOURCE_PRESENT","Full body and runtime mapping not yet verified"
"p85.htm","daa19add8f3979e01b7ebf02e57398492cbb4b2b","13791","https://www.wystynez.ru/p85.htm","UNREVIEWED","SOURCE_PRESENT","Full body and runtime mapping not yet verified"
"p86.htm","7c914b6890a8828c787aa2a33ed29b5245af4ef9","8805","https://www.wystynez.ru/p86.htm","UNREVIEWED","SOURCE_PRESENT","Full body and runtime mapping not yet verified"
"p87.htm","5d98a045d81938a94af2caf1bd089b6d600ab2ed","13687","https://www.wystynez.ru/p87.htm","UNREVIEWED","SOURCE_PRESENT","Full body and runtime mapping not yet verified"
"p88.htm","33748f4c3497350b1dc747b2662e95e73a7d41ed","22745","https://www.wystynez.ru/p88.htm","UNREVIEWED","SOURCE_PRESENT","Full body and runtime mapping not yet verified"
"p89.htm","52d849f733039f1f3aba1cc842fc36656980551c","17358","https://www.wystynez.ru/p89.htm","UNREVIEWED","SOURCE_PRESENT","Full body and runtime mapping not yet verified"
"p9.htm","4e408396c737aa5a8c872d36d82dbc2bbcc2f562","6645","https://www.wystynez.ru/p9.htm","UNREVIEWED","SOURCE_PRESENT","Full body and runtime mapping not yet verified"
"p90.htm","dbfec85096606f49d788705291edb2d3dd5c1fd8","19053","https://www.wystynez.ru/p90.htm","UNREVIEWED","SOURCE_PRESENT","Full body and runtime mapping not yet verified"
"p91.htm","72c0da375b13f6aa504daa1f9c368ee2ede50f45","13218","https://www.wystynez.ru/p91.htm","UNREVIEWED","SOURCE_PRESENT","Full body and runtime mapping not yet verified"
"p92.htm","93731b38a18f8c5a539bae2b7a348e885a3cae19","21649","https://www.wystynez.ru/p92.htm","UNREVIEWED","SOURCE_PRESENT","Full body and runtime mapping not yet verified"
"p94.htm","ac0671f0c3643743b4d2967984188eb9a92e49f3","12835","https://www.wystynez.ru/p94.htm","UNREVIEWED","SOURCE_PRESENT","Full body and runtime mapping not yet verified"
"p95.htm","1250e2a2ee74649151dbe91f4204b629376bc217","34562","https://www.wystynez.ru/p95.htm","UNREVIEWED","SOURCE_PRESENT","Full body and runtime mapping not yet verified"
"p96.htm","b241be876bc1e03800305820715a155e32941191","22745","https://www.wystynez.ru/p96.htm","UNREVIEWED","SOURCE_PRESENT","Full body and runtime mapping not yet verified"
"p97.htm","02518ba68d65fe076cd4cf830a066928d33ab756","15458","https://www.wystynez.ru/p97.htm","UNREVIEWED","SOURCE_PRESENT","Full body and runtime mapping not yet verified"
"p98.htm","3de9eeb4921447529202a29b364bbf8413a1f428","17652","https://www.wystynez.ru/p98.htm","UNREVIEWED","SOURCE_PRESENT","Full body and runtime mapping not yet verified"
"p99.htm","3bc007cfb0de220f3883e23c80b4b713127bdde8","23740","https://www.wystynez.ru/p99.htm","UNREVIEWED","SOURCE_PRESENT","Full body and runtime mapping not yet verified"
